CASE_ID,ACCIDENT_YEAR,PROC_DATE,JURIS,COLLISION_DATE,COLLISION_TIME,OFFICER_ID,REPORTING_DISTRICT,DAY_OF_WEEK,CHP_SHIFT,POPULATION,CNTY_CITY_LOC,SPECIAL_COND,BEAT_TYPE,CHP_BEAT_TYPE,CITY_DIVISION_LAPD,CHP_BEAT_CLASS,BEAT_NUMBER,PRIMARY_RD,SECONDARY_RD,DISTANCE,DIRECTION,INTERSECTION,WEATHER_1,WEATHER_2,STATE_HWY_IND,CALTRANS_COUNTY,CALTRANS_DISTRICT,STATE_ROUTE,ROUTE_SUFFIX,POSTMILE_PREFIX,POSTMILE,LOCATION_TYPE,RAMP_INTERSECTION,SIDE_OF_HWY,TOW_AWAY,COLLISION_SEVERITY,NUMBER_KILLED,NUMBER_INJURED,PARTY_COUNT,PRIMARY_COLL_FACTOR,PCF_CODE_OF_VIOL,PCF_VIOL_CATEGORY,PCF_VIOLATION,PCF_VIOL_SUBSECTION,HIT_AND_RUN,TYPE_OF_COLLISION,MVIW,PED_ACTION,ROAD_SURFACE,ROAD_COND_1,ROAD_COND_2,LIGHTING,CONTROL_DEVICE,CHP_ROAD_TYPE,PEDESTRIAN_ACCIDENT,BICYCLE_ACCIDENT,MOTORCYCLE_ACCIDENT,TRUCK_ACCIDENT,NOT_PRIVATE_PROPERTY,ALCOHOL_INVOLVED,STWD_VEHTYPE_AT_FAULT,CHP_VEHTYPE_AT_FAULT,COUNT_SEVERE_INJ,COUNT_VISIBLE_INJ,COUNT_COMPLAINT_PAIN,COUNT_PED_KILLED,COUNT_PED_INJURED,COUNT_BICYCLIST_KILLED,COUNT_BICYCLIST_INJURED,COUNT_MC_KILLED,COUNT_MC_INJURED,PRIMARY_RAMP,SECONDARY_RAMP,LATITUDE,LONGITUDE,COUNTY,CITY,POINT_X,POINT_Y
6367419,2014,2014-06-10,9425,2014-01-27,0030,19287,,1,3,9,5500,0,3,5,,2,002,"SHAWS FLAT RD","RT 49",1056.00,E,N,A,-,N,,,,,,,,,,Y,3,0,1,1,A,-,03,22350,,N,E,I,A,A,H,-,D,D,0,,,,,Y,,A,01,0,1,0,0,0,0,0,0,0,"- ","- ",38.014290000000003,-120.40455,TUOLUMNE,UNINCORPORATED,-120.4033525,38.00875911
6413794,2014,2016-02-24,9425,2014-02-19,1610,013869,,3,2,9,5500,0,1,3,,1,021,"RT 108","STOCKTON ST",792.00,E,N,A,-,Y,TUO,10,108,-,R,0.140,H,-,E,Y,4,0,2,2,A,-,09,21801,A,N,D,C,A,A,H,-,A,D,0,,,,,Y,,A,07,0,0,2,0,0,0,0,0,0,"- ","- ",,,TUOLUMNE,UNINCORPORATED,-120.39147873,37.965269540000001
6517245,2014,2014-08-08,9425,2014-06-01,1155,12786,,7,1,9,5500,0,2,4,,2,026,"MONO WY","HESS AV",0.00,,Y,A,-,N,,,,,,,,,,N,4,0,2,2,A,-,12,21453,A,N,D,C,A,A,H,-,A,A,0,,,,,Y,,A,01,0,0,2,0,0,0,0,0,0,"- ","- ",,,TUOLUMNE,UNINCORPORATED,-120.33538986000001,37.978829990000001
9253061,2020,2021-04-19,5501,2020-09-17,1124,JB2,5501,4,5,2,5501,0,0,0,,0,001,"SANGUINETTI RD","SANGUINETTI LOOP",300.00,W,N,A,-,N,,,,,,,,,,N,3,0,1,2,A,-,08,22107,,N,D,C,A,A,H,-,A,D,0,,,,,Y,,A,01,0,1,0,0,0,0,0,0,0,"- ","- ",37.974288940429688,-120.36107635498047,TUOLUMNE,SONORA,-120.37104034423828,37.973800659179688
90032171,2015,2015-10-19,9425,2015-10-14,1641,016886,,3,2,9,5500,0,1,3,,2,041,SR-120,"PRIEST COULTERVILLE ROAD",1584.00,W,N,A,-,Y,,,120,,,,,,,N,3,0,2,1,A,-,08,22107,,N,E,I,A,A,H,-,A,D,0,,,Y,,Y,,C,02,0,2,0,0,0,0,0,0,2,"- ","- ",37.818129999999996,-120.27252,TUOLUMNE,UNINCORPORATED,-120.27253404,37.818075
90198438,2016,2016-06-09,9425,2016-06-07,1740,019287,,2,2,9,5500,0,1,3,,2,022,SR-49,"SPRINGFIELD RD",20.00,N,N,A,-,Y,,,49,,,,,,,Y,4,0,2,2,A,-,03,22350,,N,C,C,A,A,H,-,A,D,0,,,,,Y,,A,01,0,0,2,0,0,0,0,0,0,"- ","- ",38.011420000000001,-120.41802,TUOLUMNE,UNINCORPORATED,-120.41802086,38.011423149999999
91646283,2021,2021-12-08,9425,2021-12-01,1210,017822,,3,1,9,5500,0,3,5,,2,003,"STATE ROUTE 108","N. SUNSHINE ROAD",0.00,,Y,A,-,Y,,,108,,,,,,,Y,3,0,2,2,A,-,09,21801,A,N,D,C,A,A,H,-,A,D,0,,,,,Y,,A,07,0,2,0,0,0,0,0,0,0,"- ","- ",37.991630554199219,-120.27715301513672,TUOLUMNE,UNINCORPORATED,-120.27716064453125,37.991657257080078
93395132,2024,2024-08-02,9425,2024-05-31,1709,016886,,5,2,9,5500,0,3,5,,1,004,"BONDS FLAT ROAD","LA GRANGE ROAD",838.00,S,N,A,-,N,,,,,,,,,,Y,1,4,0,2,A,-,05,21460,A,N,A,C,A,A,H,-,A,A,0,,,,,Y,,D,22,0,0,0,0,0,0,0,0,0,"- ","- ",37.714859008789062,-120.4427490234375,TUOLUMNE,UNINCORPORATED,-120.44273376464844,37.714893341064453
94531947,2025,2025-01-09,9425,2025-01-06,"543 ",018671,,1,3,9,5500,0,2,4,,2,014,J59,"OL DON PEDRO ROAD",75.00,N,N,A,-,Y,,,,,,,,,,Y,4,0,2,2,A,-,05,21460,A,N,A,C,A,A,H,-,D,D,0,,,,,Y,,A,01,0,0,2,0,0,0,0,0,0,"- ","- ",37.826610565185547,-120.47428131103516,TUOLUMNE,UNINCORPORATED,,
90401427,2017,2017-02-28,9425,2017-02-26,0850,019773,,7,1,9,5500,0,2,4,,2,026,"MONO WAY","E/B SR-108 TO MONO WAY",0.00,,Y,A,-,N,,,,,,,,,,N,4,0,1,2,A,-,12,21453,A,N,D,C,A,A,H,-,A,A,0,,,,,Y,,A,07,0,0,1,0,0,0,0,0,0,"- ","- ",37.976030000000002,-120.35661,TUOLUMNE,UNINCORPORATED,-120.35675526,37.97617262
90781549,2018,2018-07-31,9425,2018-07-29,1448,018965,,7,2,9,5500,0,1,3,,2,011,"SR-120 W/B","TULLOCH RD",2640.00,E,N,A,-,Y,,,120,,,,,,W,Y,3,0,2,1,A,-,08,22107,,N,E,I,A,A,H,-,A,D,0,,,,,Y,,A,01,0,2,0,0,0,0,0,0,0,"- ","- ",37.844081878662109,-120.61885833740234,TUOLUMNE,UNINCORPORATED,-120.61888122558594,37.844127655029297
90987663,2019,2019-05-13,9425,2019-05-02,2258,018453,,4,3,9,5500,0,3,5,,2,001,"O'BYRNES FERRY RD.","OLD O BYRNES FERRY RD",1584.00,S,N,A,-,N,,,,,,,,,,Y,3,0,2,1,A,-,08,22107,,N,E,I,A,A,H,-,D,D,0,,,,,Y,,A,01,0,2,0,0,0,0,0,0,0,"- ","- ",37.898410797119141,-120.56340789794922,TUOLUMNE,UNINCORPORATED,-120.564187,37.896890999999997
91275535,2020,2020-07-28,9425,2020-07-26,1800,018453,,7,2,9,5500,0,1,3,,2,031,SR-108,"PINE AVE",40.00,E,N,A,-,Y,,,108,,,,,,,Y,4,0,1,1,A,-,08,22107,,N,E,I,A,A,H,-,A,D,0,,,,,Y,,A,07,0,0,1,0,0,0,0,0,0,"- ","- ",38.188949584960938,-120.00788116455078,TUOLUMNE,UNINCORPORATED,-120.00791931152344,38.188961029052734
91358318,2020,2020-12-03,9425,2020-11-22,1900,019657,,7,2,9,5500,0,1,3,,2,041,SR-120,"SPRAGUE RD",200.00,W,N,A,-,Y,,,120,,,,,,,Y,3,0,1,1,A,-,08,22107,,N,F,A,A,A,H,-,D,D,0,,,,,Y,Y,D,22,0,1,0,0,0,0,0,0,0,"- ","- ",37.824638366699219,-120.17153167724609,TUOLUMNE,UNINCORPORATED,-120.17155456542969,37.824592590332031
91567487,2021,2021-09-10,9425,2021-09-01,1545,017403,,3,2,9,5500,0,3,5,,1,004,"ELDER LN","PINE MOUNTAIN DR",2112.00,S,N,A,-,N,,,,,,,,,,Y,4,0,1,2,A,-,05,21650,,N,A,C,A,A,H,-,A,D,0,,,,,Y,,B,07,0,0,1,0,0,0,0,0,0,"- ","- ",37.84600830078125,-120.21372222900391,TUOLUMNE,UNINCORPORATED,-120.2137451171875,37.845897674560547
90164606,2016,2016-04-25,9425,2016-04-16,0800,017058,,6,1,9,5500,0,1,3,,2,013,"STATE ROUTE 49","HUMBUG STREET",35.00,S,N,A,-,Y,,,,,,,,,,Y,3,0,2,2,A,-,03,22350,,N,C,C,A,A,H,-,A,A,0,,,,,Y,,D,22,0,1,1,0,0,0,0,0,0,"- ","- ",37.572200000000002,-120.2521,TUOLUMNE,UNINCORPORATED,,
90498992,2017,2017-07-12,9425,2017-07-06,0820,012700,,4,1,9,5500,0,1,3,,2,011,SR-120,"JACKSONVILLE RD",8976.00,E,N,A,-,Y,,,,,,,,,,Y,4,0,1,3,A,-,06,21750,,N,C,C,A,A,H,-,A,A,0,,,,Y,Y,,A,01,0,0,1,0,0,0,0,0,0,"- ","- ",,,TUOLUMNE,UNINCORPORATED,-120.31848483,37.816898139999999
90583521,2017,2017-10-31,9425,2017-10-29,2325,016812,,7,3,9,5500,0,1,3,,2,013,SR-49,"MAIN ST",28.00,S,N,A,-,Y,,,49,,,,,,,Y,2,0,3,2,A,-,01,23152,A,N,C,C,A,A,D,-,C,D,0,,,,,Y,Y,A,01,1,2,0,0,0,0,0,0,0,"- ","- ",37.951030000000003,-120.42468,TUOLUMNE,UNINCORPORATED,-120.42466829999999,37.95102893
90589479,2017,2017-11-07,9425,2017-10-16,1545,019785,,1,2,9,5500,0,1,3,,2,031,"STATE ROUTE 108","ARGYLE RD",245.00,E,N,A,-,Y,,,108,,,,,,,Y,2,0,1,1,A,-,08,22107,,N,E,I,A,A,H,-,A,B,0,,,,,Y,,D,22,1,0,0,0,0,0,0,0,0,"- ","- ",37.981900000000003,-120.2946,TUOLUMNE,UNINCORPORATED,-120.29464096,37.98202002
90812732,2018,2018-09-13,9425,2018-09-07,1726,016921,,5,2,9,5500,0,1,3,,2,013,SR-49,"WOODS WAY",302.00,S,N,A,-,Y,,,49,,,,,,,Y,3,0,1,2,A,-,05,21460,A,N,B,C,A,A,H,-,A,D,0,,,,,Y,,D,22,0,1,0,0,0,0,0,0,0,"- ","- ",37.946189880371094,-120.42658233642578,TUOLUMNE,UNINCORPORATED,-120.42657470703125,37.946186065673828
90846827,2018,2018-10-26,9425,2018-10-18,1457,017403,,4,2,9,5500,0,3,5,,1,004,"BONDS FLAT RD","LA GRANGE RD",4224.00,S,N,A,-,N,,,,,,,,,,Y,4,0,1,1,A,-,01,23152,A,N,F,A,A,A,H,-,A,D,0,,,,,Y,Y,A,07,0,0,1,0,0,0,0,0,0,"- ","- ",37.707210540771484,-120.43740844726562,TUOLUMNE,UNINCORPORATED,-120.43706512451172,37.706798553466797
93767382,2024,2024-08-06,9425,2024-07-25,1810,021474,,4,2,9,5500,0,1,3,,2,031,SR-108,"PINECREST LAKE RD",0.00,,Y,A,-,N,,,,,,,,,,Y,3,0,1,2,A,-,09,21801,A,N,D,2,A,A,H,-,A,D,0,,,,,Y,,A,01,0,1,0,0,0,0,0,0,0,"- ","- ",38.187168121337891,-120.00830078125,TUOLUMNE,UNINCORPORATED,-120.00861358642578,38.186782836914062
94438232,2024,2024-10-21,9425,2024-09-06,2345,022547,,5,3,9,5500,0,1,3,,2,013,SR-49,SR-108,2640.00,S,N,A,-,Y,TUO,,49," ",R,11.757,H,,R,Y,3,0,1,1,A,-,01,23152,A,N,E,8,A,A,H,-,D,D,0,,,,,Y,Y,A,01,0,1,0,0,0,0,0,0,0,"- ","- ",37.911849975585938,-120.45195770263672,TUOLUMNE,UNINCORPORATED,-120.45201110839844,37.911846160888672
90861106,2018,2018-11-15,9425,2018-11-10,2215,016812,,6,3,9,5500,0,3,5,,2,003,"JOAQUIN GULLY RD","MOUNTAIN DR",375.00,N,N,A,-,N,,,,,,,,,,Y,2,0,2,1,A,-,01,23152,A,N,E,I,A,A,H,-,D,D,0,,,,,Y,Y,D,22,1,1,0,0,0,0,0,0,0,"- ","- ",38.046440124511719,-120.23336791992188,TUOLUMNE,UNINCORPORATED,-120.23357391357422,38.046566009521484
91081531,2019,2019-09-24,9425,2019-09-14,2152,015963,,6,2,9,5500,0,1,3,,2,011,SR-120,SR-108,0.00,,Y,A,-,Y,,,120,,,,,,,Y,4,0,2,2,A,-,09,21802,A,N,D,C,A,A,D,-,C,A,0,,,,,Y,,A,01,0,0,2,0,0,0,0,0,0,"- ","- ",37.891178131103516,-120.48821258544922,TUOLUMNE,UNINCORPORATED,-120.48825836181641,37.891151428222656
91296088,2020,2020-08-31,9425,2020-08-22,2330,018251,,6,3,9,5500,0,3,5,,2,001,"SHELL RD","OLD MELONES RD",528.00,S,N,F,-,N,,,,,,,,,,N,2,0,1,1,A,-,08,22107,,N,F,A,A,A,H,-,D,D,0,,,Y,,Y,,C,06,1,0,0,0,0,0,0,0,1,"- ","- ",37.948200225830078,-120.46160125732422,TUOLUMNE,UNINCORPORATED,-120.46123504638672,37.949520111083984
91595031,2021,2021-10-13,9425,2021-10-03,2300,017403,,7,3,9,5500,0,3,5,,1,004,"SMITH STATION RD","ROCKHAMMER RD.",528.00,W,N,A,-,N,,,,,,,,,,Y,4,0,1,1,A,-,08,22107,,N,E,I,A,A,H,-,D,D,0,,,,,Y,,A,01,0,0,1,0,0,0,0,0,0,"- ","- ",37.802040100097656,-120.12146759033203,TUOLUMNE,UNINCORPORATED,-120.12201690673828,37.8031005859375
91766299,2022,2022-05-06,9425,2022-05-03,1815,016540,,2,2,9,5500,0,3,5,,2,003,"ITALIAN BAR RD","SOUTH FORK STANISLAUS RIVER UNDERCROSSING",5280.00,N,N,A,-,N,,,,,,,,,,Y,4,0,1,1,A,-,08,22107,,N,F,A,A,A,G,-,A,D,0,,,,,Y,,A,08,0,0,1,0,0,0,0,0,0,"- ","- ",38.084571838378906,-120.34436798095703,TUOLUMNE,UNINCORPORATED,-120.18952178955078,38.085109710693359
92126706,2023,2023-07-26,9425,2023-07-07,1625,019287,,5,2,9,5500,0,2,4,,2,023,"PHOENIX LAKE RD","OAKHAVEN LN",480.00,E,N,A,-,N,,,,,,,,,,Y,4,0,1,1,A,-,08,22107,,N,E,I,A,A,H,-,A,D,0,,,,,Y,,A,07,0,0,1,0,0,0,0,0,0,"- ","- ",38.030250549316406,-120.2747802734375,TUOLUMNE,UNINCORPORATED,-120.27468109130859,38.030288696289062
6566375,2014,2014-08-25,9425,2014-07-13,1220,012700,,7,1,9,5500,0,2,4,,2,034,"TUOLUMNE RD N","CARTER ST",530.00,S,N,A,-,N,,,,,,,,,,Y,3,0,1,1,A,-,08,22107,,N,E,I,A,A,H,-,A,D,0,,,,,Y,,A,01,0,1,0,0,0,0,0,0,0,"- ","- ",,,TUOLUMNE,UNINCORPORATED,-120.23623000000001,37.964419999999997
6963961,2015,2016-12-13,9425,2015-06-09,0830,012786,,2,1,9,5500,0,1,3,,2,031,"RT 108","COFFIL RD",328.00,E,N,A,-,Y,TUO,10,108,-,-,13.260,H,-,W,Y,3,0,1,1,A,-,08,22107,,N,F,A,A,A,H,-,A,D,0,,,,,Y,,A,07,0,1,0,0,0,0,0,0,0,"- ","- ",,,TUOLUMNE,UNINCORPORATED,-120.20631186,38.045362539999999
9263014,2020,2021-05-14,5501,2020-10-11,1932,MP1,5501,7,5,2,5501,0,0,0,,0,002,"N WASHINGTON ST","COLUMBIA WY",0.00,,Y,A,-,Y,TUO,10,49,-,-,18.492,I,5,N,Y,4,0,3,2,A,-,09,21802,A,N,D,D,A,A,H,-,C,D,0,,,,,Y,,A,01,0,0,3,0,0,0,0,0,0,"- ","- ",37.990169525146484,-120.38392639160156,TUOLUMNE,SONORA,-120.38453674316406,37.99005126953125
90017696,2015,2015-10-19,9425,2015-09-12,1600,019773,,6,2,9,5500,0,1,3,,2,031,SR-108,"MIDDLE CAMP SUGAR PINE RD",25.00,E,N,A,-,Y,,,108,,,,,,,N,3,0,1,1,A,-,08,22107,,N,E,I,A,A,H,-,A,D,0,,,,,Y,,A,07,0,1,0,0,0,0,0,0,0,"- ","- ",38.060070000000003,-120.20032999999999,TUOLUMNE,UNINCORPORATED,-120.20040966000001,38.060130260000001
90065119,2015,2015-12-03,9425,2015-11-25,1510,016886,,3,2,9,5500,0,3,5,,2,001,"CAMPO SECO ROAD","CAMPBELL FLAT ROAD",102.00,W,N,B,-,N,,,,,,,,,,Y,3,0,1,1,A,-,01,23152,A,M,E,I,A,A,H,-,A,D,0,,,,,Y,Y,A,01,0,1,0,0,0,0,0,0,0,"- ","- ",37.951320000000003,-120.39221000000001,TUOLUMNE,UNINCORPORATED,-120.39216419,37.951471470000001
90418867,2017,2017-03-23,9425,2017-03-17,1710,019773,,5,2,9,5500,0,2,4,,2,026,"MONO WAY","SR-108 OVER CROSSING",935.00,E,N,A,-,N,,,,,,,,,,N,4,0,1,2,A,-,03,22350,,N,C,C,A,A,H,-,A,D,0,,,Y,,Y,,C,02,0,0,1,0,0,0,0,0,1,"- ","- ",37.975549999999998,-120.35449,TUOLUMNE,UNINCORPORATED,-120.35492118000001,37.975689279999997
94019702,2024,2024-08-09,9425,2024-08-01,1825,019918,,4,2,9,5500,0,1,3,,2,011,SR-120,"SIMS RD",0.00,,Y,A,-,Y,TUO,,120," "," ",14.744,H,,R,Y,3,0,2,2,A,-,09,21802,A,F,D,C,A,A,H,-,A,D,0,,,,,Y,,D,22,0,1,1,0,0,0,0,0,0,"- ","- ",37.877708435058594,-120.44863128662109,TUOLUMNE,UNINCORPORATED,-120.44862365722656,37.877719879150391
94388974,2024,2024-09-10,9425,2024-09-03,1405,018559,,2,2,9,5500,0,1,3,,2,013,SR-49,"WIGWAM RD",260.00,N,N,A,-,Y,TUO,,49," "," ",15.604,H,,R,N,4,0,3,2,A,-,03,22350,,N,C,C,A,A,H,-,A,D,0,,,,,Y,,A,01,0,0,3,0,0,0,0,0,0,"- ","- ",37.962520599365234,-120.40908050537109,TUOLUMNE,UNINCORPORATED,-120.40908050537109,37.962516784667969
94465608,2024,2024-11-12,9425,2024-11-01,2255,022579,,5,3,9,5500,0,3,5,,2,003,"LONGEWAY RD.","W. RHINE RIVER DR.",206.00,S,N,C,-,N,,,,,,,,,,Y,3,0,1,2,A,-,08,22107,,N,E,8,A,B,H,-,D,D,0,,,,,Y,,A,01,0,1,0,0,0,0,0,0,0,"- ","- ",38.029758453369141,-120.26045227050781,TUOLUMNE,UNINCORPORATED,-120.26051330566406,38.02972412109375
94944807,2025,2025-11-24,9425,2025-10-20,2240,021468,,1,3,9,5500,0,1,3,,2,013,SR-49,"VICTORIA WAY",528.00,N,N,A,-,Y,TUO,,49," "," ",13.833,H,,R,Y,2,0,1,1,A,-,01,23152,A,N,F,0,A,A,H,-,C,D,0,,,,,Y,Y,A,07,1,0,0,0,0,0,0,0,0,"- ","- ",37.944248199462891,-120.42825317382812,TUOLUMNE,UNINCORPORATED,-120.42830657958984,37.944293975830078
90486384,2017,2017-06-23,9425,2017-06-19,0610,017058,,1,1,9,5500,0,1,3,,2,022,"STATE ROUTE 49","SPRINGFIELD ROAD",128.00,S,N,A,-,Y,,,,,,,,,,Y,3,0,1,1,A,-,08,22107,,N,E,I,A,A,H,-,A,D,0,,,,,Y,,D,22,0,1,0,0,0,0,0,0,0,"- ","- ",38.040999999999997,-120.254,TUOLUMNE,UNINCORPORATED,-120.41828698,38.011339130000003
90707905,2018,2018-04-18,9425,2018-04-16,1252,013905,,1,1,9,5500,0,1,3,,2,031,"STATE ROUTE 108","SOULSBYVILLE ROAD",21.00,W,N,B,D,Y,,,108,,,,,,,Y,4,0,1,2,A,-,03,22350,,N,C,C,A,C,H,-,A,A,0,,,,,Y,,A,01,0,0,1,0,0,0,0,0,0,"- ","- ",37.996158599853516,-120.26766204833984,TUOLUMNE,UNINCORPORATED,-120.26769256591797,37.996208190917969
91181018,2020,2020-02-05,9425,2020-01-28,2325,015963,,2,3,9,5500,0,3,5,,2,002,"LYONS BALD MOUNTAIN RD","GREENLEY ROAD",528.00,E,N,A,-,N,,,,,,,,,,Y,4,0,1,1,A,-,01,23152,A,N,E,I,A,A,H,-,D,D,0,,,,,Y,Y,A,07,0,0,1,0,0,0,0,0,0,"- ","- ",37.990638732910156,-120.36839294433594,TUOLUMNE,UNINCORPORATED,-120.36876678466797,37.990341186523438
91307895,2020,2020-09-21,9425,2020-09-16,1540,018644,,3,2,9,5500,0,1,3,,1,021,SR-108,"LIME KILN ROAD",70.00,W,N,A,-,Y,,,108,,,,,,,Y,3,0,2,4,A,-,03,22350,,N,C,C,A,A,H,-,A,A,0,,,,,Y,,A,07,0,1,1,0,0,0,0,0,0,"- ","- ",37.96759033203125,-120.37863159179688,TUOLUMNE,UNINCORPORATED,-120.37866973876953,37.967655181884766
91794255,2022,2022-06-13,9425,2022-05-29,1132,018251,,7,1,9,5500,0,3,5,,2,003,"TWAIN HARTE DR","HIGH ROAD",10.00,W,N,A,-,N,,,,,,,,,,Y,4,0,1,1,A,-,08,22107,,N,E,I,A,A,H,-,A,D,0,,,,,Y,,A,01,0,0,1,0,0,0,0,0,0,"- ","- ",38.022491455078125,-120.24469757080078,TUOLUMNE,UNINCORPORATED,-120.24597930908203,38.022380828857422
91813245,2022,2022-07-08,9425,2022-06-30,0850,016540,,4,1,9,5500,0,1,A,,2,712,"885 MORNING STAR DRIVE","MORNING STAR DR",130.00,S,N,A,-,N,,,,,,,,,,N,3,0,1,1,B,-,22,,,N,G,B,A,A,H,-,A,D,0,,,,,Y,,D,22,0,1,0,0,0,0,0,0,0,"- ","- ",37.984508514404297,-120.36965179443359,TUOLUMNE,UNINCORPORATED,-120.37689208984375,37.984214782714844
6551290,2014,2016-04-29,9425,2014-07-09,0600,012700,,3,1,9,5500,0,1,3,,2,031,"RT 108","SOULSBYVILLE RD",1584.00,E,N,A,-,Y,TUO,10,108,-,-,7.800,H,-,E,Y,3,0,1,1,A,-,08,22107,,N,F,A,A,A,H,-,A,D,0,,,,,Y,,D,22,0,1,0,0,0,0,0,0,0,"- ","- ",,,TUOLUMNE,UNINCORPORATED,-120.26347242999999,37.999094020000001
6968720,2015,2016-12-07,9425,2015-06-09,2311,011813,,2,3,9,5500,0,1,3,,2,013,"RT 49","WIGWAM RD",1320.00,S,N,B,-,Y,TUO,10,49,-,-,15.300,H,-,N,Y,4,0,3,4,A,-,03,22350,,N,C,C,A,A,H,-,D,D,0,,,,,Y,,A,01,0,0,3,0,0,0,0,0,0,"- ","- ",37.960659999999997,-120.41394,TUOLUMNE,UNINCORPORATED,-120.43474793999999,37.874857149999997
7137766,2015,2017-01-13,5501,2015-08-26,1530,JB2,5501,3,5,2,5501,0,0,0,,0,001,"RT 49","WYCKOFF ST",50.00,S,N,A,-,Y,TUO,10,49,-,-,18.330,H,-,S,N,4,0,1,2,A,-,21,22106,,N,C,C,A,A,H,-,A,D,0,,,,,Y,,I,11,0,0,1,0,0,0,0,0,0,"- ","- ",37.987380000000002,-120.38478000000001,TUOLUMNE,SONORA,-120.43475157,37.874883840000003
90202660,2016,2016-06-15,9425,2016-06-15,0610,012189,,3,1,9,5500,0,1,3,,2,022,SR-49,"MELONES CT",600.00,S,N,A,-,Y,,,,,,,,,,N,3,0,1,1,C,-,18,,,N,H,H,A,A,H,-,A,D,0,,,Y,,Y,,-,"- ",0,1,0,0,0,0,0,0,1,"- ","- ",38.595700000000001,-120.2914,TUOLUMNE,UNINCORPORATED,-120.48648126000001,37.99868412
90296082,2016,2016-10-19,9425,2016-09-18,1735,019773,,7,2,9,5500,0,3,5,,2,002,"SPRINGFIELD RD","HORSESHOE BEND RD",495.00,E,N,A,-,N,,,,,,,,,,Y,4,0,1,1,A,-,01,23152,E,N,E,I,A,A,H,-,A,D,0,,,,,Y,,A,01,0,0,1,0,0,0,0,0,0,"- ","- ",38.022750000000002,-120.41164999999999,TUOLUMNE,UNINCORPORATED,-120.41154982,38.022724240000002
90388242,2017,2017-02-08,9425,2017-02-05,2022,018965,,7,2,9,5500,0,2,4,,2,026,"MONO WAY","SR-108 E/B FROM MONO WAY",0.00,,Y,B,C,N,,,,,,,,,,Y,4,0,1,2,A,-,12,21453,A,N,A,C,A,B,H,-,C,A,0,,,,,Y,,D,22,0,0,1,0,0,0,0,0,0,"- ","- ",37.97636,-120.35668,TUOLUMNE,UNINCORPORATED,-120.35661668,37.976334010000002
94601848,2025,2025-03-18,9425,2025-03-10,1042,018671,,1,1,9,5500,0,1,3,,2,013,SR-49,"WOODS WAY",15.00,N,N,A,-,Y,TUO,,49," "," ",14.079,H,,R,N,4,0,1,3,A,-,03,22350,,N,C,C,A,A,H,-,A,D,0,,,,,Y,,D,22,0,0,1,0,0,0,0,0,0,"- ","- ",37.947109222412109,-120.42608642578125,TUOLUMNE,UNINCORPORATED,-120.42605590820312,37.947101593017578
91995967,2023,2023-02-16,9425,2023-02-12,"215 ",018822,,7,3,9,5500,0,2,4,,2,024,"TUOLUMNE ROAD","INDUSTRY WAY",180.00,W,N,A,-,N,,,,,,,,,,Y,3,0,2,1,A,-,01,23152,A,N,E,8,A,A,H,-,C,D,0,,,,,Y,Y,D,22,0,1,1,0,0,0,0,0,0,"- ","- ",37.967300415039062,-120.33290863037109,TUOLUMNE,UNINCORPORATED,-120.33277130126953,37.967250823974609
92023702,2023,2023-03-21,9425,2023-03-06,"724 ",014853,,1,1,9,5500,0,1,3,,1,021,"SR-108 WESTBOUND FROM MONO WAY","SANGUINETTI LOOP ROAD",200.00,W,N,A,-,Y,TUO,,108," ",R,1.993,H,,L,Y,3,0,1,1,A,-,03,22350,,N,F,A,A,C,H,-,A,D,0,,,,,Y,,D,22,0,1,0,0,0,0,0,0,0,"- ","- ",37.973880767822266,-120.36077117919922,TUOLUMNE,UNINCORPORATED,-120.36067962646484,37.973827362060547
92177051,2023,2023-09-22,9425,2023-09-10,1940,019918,,7,2,9,5500,0,3,5,,2,003,"CRABTREE RD","FOREST ROUTE 4N25",2112.00,W,N,B,-,N,,,,,,,,,,Y,4,0,1,1,A,-,08,22107,,N,F,A,A,A,H,-,D,D,0,,,,,Y,,D,22,0,0,1,0,0,0,0,0,0,"- ","- ",38.181331634521484,-119.95439910888672,TUOLUMNE,UNINCORPORATED,-119.95391845703125,38.181774139404297
92344048,2024,2024-03-21,9425,2024-03-15,"55  ",021474,,5,3,9,5500,0,2,4,,2,025,"PARROTTS FERRY RD","SPRINGFIELD RD",370.00,S,N,A,-,N,,,,,,,,,,Y,3,0,1,1,A,-,01,23152,A,N,E,I,A,A,H,-,D,D,0,,,,,Y,Y,D,22,0,1,0,0,0,0,0,0,0,"- ","- ",38.026840209960938,-120.40614318847656,TUOLUMNE,UNINCORPORATED,-120.40618896484375,38.026988983154297
94395256,2024,2024-09-16,9425,2024-09-12,1705,021474,,4,2,9,5500,0,3,5,,1,004,"BOITANO RD","FERRETTI RD",4224.00,N,N,A,-,N,,,,,,,,,,N,3,0,1,1,C,-,18,,,N,H,H,A,A,H,-,A,D,0,,,Y,,Y,,-,"- ",0,1,0,0,0,0,0,0,1,"- ","- ",37.871131896972656,-120.20041656494141,TUOLUMNE,UNINCORPORATED,-120.20018005371094,37.870624542236328