CASE_ID,ACCIDENT_YEAR,PROC_DATE,JURIS,COLLISION_DATE,COLLISION_TIME,OFFICER_ID,REPORTING_DISTRICT,DAY_OF_WEEK,CHP_SHIFT,POPULATION,CNTY_CITY_LOC,SPECIAL_COND,BEAT_TYPE,CHP_BEAT_TYPE,CITY_DIVISION_LAPD,CHP_BEAT_CLASS,BEAT_NUMBER,PRIMARY_RD,SECONDARY_RD,DISTANCE,DIRECTION,INTERSECTION,WEATHER_1,WEATHER_2,STATE_HWY_IND,CALTRANS_COUNTY,CALTRANS_DISTRICT,STATE_ROUTE,ROUTE_SUFFIX,POSTMILE_PREFIX,POSTMILE,LOCATION_TYPE,RAMP_INTERSECTION,SIDE_OF_HWY,TOW_AWAY,COLLISION_SEVERITY,NUMBER_KILLED,NUMBER_INJURED,PARTY_COUNT,PRIMARY_COLL_FACTOR,PCF_CODE_OF_VIOL,PCF_VIOL_CATEGORY,PCF_VIOLATION,PCF_VIOL_SUBSECTION,HIT_AND_RUN,TYPE_OF_COLLISION,MVIW,PED_ACTION,ROAD_SURFACE,ROAD_COND_1,ROAD_COND_2,LIGHTING,CONTROL_DEVICE,CHP_ROAD_TYPE,PEDESTRIAN_ACCIDENT,BICYCLE_ACCIDENT,MOTORCYCLE_ACCIDENT,TRUCK_ACCIDENT,NOT_PRIVATE_PROPERTY,ALCOHOL_INVOLVED,STWD_VEHTYPE_AT_FAULT,CHP_VEHTYPE_AT_FAULT,COUNT_SEVERE_INJ,COUNT_VISIBLE_INJ,COUNT_COMPLAINT_PAIN,COUNT_PED_KILLED,COUNT_PED_INJURED,COUNT_BICYCLIST_KILLED,COUNT_BICYCLIST_INJURED,COUNT_MC_KILLED,COUNT_MC_INJURED,PRIMARY_RAMP,SECONDARY_RAMP,LATITUDE,LONGITUDE,COUNTY,CITY,POINT_X,POINT_Y
94579702,2025,2025-02-14,9425,2025-02-08,1000,019489,,6,1,9,5500,0,1,3,,2,011,SR-120,"OBYRNES FERRY RD",1000.00,E,N,A,-,Y,TUO,,120," "," ",11.650,H,,R,Y,4,0,1,1,A,-,08,22107,,N,E,I,A,A,H,-,A,D,0,,,,,Y,,A,07,0,0,1,0,0,0,0,0,0,"- ","- ",37.888309478759766,-120.49532318115234,TUOLUMNE,UNINCORPORATED,-120.49526977539062,37.88824462890625
90557496,2017,2017-09-27,9425,2017-08-02,0050,018251,,3,3,9,5500,0,1,3,,2,031,"STATE ROUTE 108 W/B","BALD MTN HELIPORT RD",6336.00,W,N,A,-,Y,,,108,,,,,,W,Y,1,1,1,1,A,-,01,23152,A,N,F,A,A,A,H,-,D,D,0,,,,,Y,Y,D,22,0,1,0,0,0,0,0,0,0,"- ","- ",38.122920000000001,-120.11245,TUOLUMNE,UNINCORPORATED,-120.11247145,38.12294473
91053659,2019,2019-08-16,9425,2019-08-09,1619,017461,,5,2,9,5500,0,1,3,,2,041,SR-120,"OLD PRIEST GRD",1056.00,W,N,A,-,Y,,,120,,,,,,,Y,4,0,4,3,A,-,05,21460,A,N,D,C,A,A,H,-,A,D,0,,,,,Y,,A,01,0,0,4,0,0,0,0,0,0,"- ","- ",37.818309783935547,-120.27407073974609,TUOLUMNE,UNINCORPORATED,-120.27401733398438,37.818370819091797
91194037,2020,2020-02-26,9425,2020-02-21,1430,018559,,5,2,9,5500,0,2,4,,2,026,"MONO WAY","TUOLUMNE RD",330.00,E,N,B,-,N,,,,,,,,,,Y,4,0,1,2,A,-,07,21658,A,N,D,C,A,A,H,-,A,D,0,,,,,Y,,A,01,0,0,1,0,0,0,0,0,0,"- ","- ",37.975078582763672,-120.34494018554688,TUOLUMNE,UNINCORPORATED,-120.34515380859375,37.975025177001953
91302553,2020,2020-09-10,9425,2020-09-08,1230,016921,,2,1,9,5500,0,3,5,,2,003,"TUOLUMNE ROAD NORTH","ROBINHOOD DRIVE",307.00,S,N,A,-,N,,,,,,,,,,Y,3,0,3,2,A,-,05,21460,A,N,A,C,A,A,H,-,A,D,0,,,,,Y,,A,01,0,3,0,0,0,0,0,0,0,"- ","- ",38.035469055175781,-120.21981048583984,TUOLUMNE,UNINCORPORATED,-120.21981048583984,38.035469055175781
91811582,2022,2022-07-06,9425,2022-07-02,0835,018251,,6,1,9,5500,0,1,3,,2,022,"STATE ROUTE 49","WILCOX RANCH ROAD",21.00,S,N,A,-,Y,TUO,,49,,,24.838,H,,R,Y,3,0,1,1,A,-,01,23152,A,N,E,I,A,A,H,-,A,D,0,,,,,Y,Y,A,07,0,1,0,0,0,0,0,0,0,"- ","- ",37.990509033203125,-120.46189880371094,TUOLUMNE,UNINCORPORATED,-120.46195983886719,37.990528106689453
91858699,2022,2023-04-21,9425,2022-08-24,1745,018559,,3,2,9,5500,0,3,5,,2,003,"MAIN ST","FIR AVE",70.00,N,N,A,-,N,,,,,,,,,,N,4,0,1,2,C,-,18,,,N,G,B,D,A,H,-,A,D,0,Y,,,,Y,,-,"- ",0,0,1,0,1,0,0,0,0,"- ","- ",37.960819244384766,-120.23858642578125,TUOLUMNE,UNINCORPORATED,-120.23862457275391,37.960781097412109
6415400,2014,2014-07-07,9425,2014-03-15,0819,016886,,6,1,9,5500,0,1,3,,2,041,"RT 120","WHITES GULCH RD",2640.00,W,N,A,-,Y,,,120,,,,,,,Y,3,0,4,2,A,-,03,22350,,N,G,I,A,A,H,-,A,D,0,,,,Y,Y,,G,27,0,1,3,0,0,0,0,0,0,"- ","- ",37.838430000000002,-120.20616,TUOLUMNE,UNINCORPORATED,-120.20623811999999,37.838303060000001
6801636,2015,2015-03-05,9425,2015-02-04,1820,19297,,3,2,9,5500,0,3,5,,2,003,"WOODHAM CARNE RD","TUOLUMNE RD",200.00,S,N,A,-,N,,,,,,,,,,Y,4,0,1,1,A,-,03,22350,,N,E,I,A,A,H,-,D,D,0,,,,,Y,Y,D,22,0,0,1,0,0,0,0,0,0,"- ","- ",37.962629999999997,-120.28373000000001,TUOLUMNE,UNINCORPORATED,-120.28406556,37.962714720000001
90009483,2015,2015-10-19,9425,2015-08-12,1150,017058,,3,1,9,5500,0,1,3,,2,031,"STATE ROUTE 108","DRAPER MINE ROAD",40.00,W,N,A,-,Y,,,108,,,,,,,N,4,0,1,2,A,-,09,21802,A,N,B,C,A,A,H,-,A,D,0,,,,,Y,,A,01,0,0,1,0,0,0,0,0,0,"- ","- ",37.985039999999998,-120.29015,TUOLUMNE,UNINCORPORATED,-120.29013260000001,37.985016590000001
90018401,2015,2015-10-19,9425,2015-09-05,2110,018965,,6,2,9,5500,0,1,3,,2,041,SR-120,"MERRELL RD",299.00,E,N,A,-,Y,,,120,,,,,,,Y,2,0,1,1,A,-,01,23152,A,N,E,I,A,A,H,-,D,D,0,,,,,Y,Y,D,22,1,0,0,0,0,0,0,0,0,"- ","- ",37.836329999999997,-120.23820000000001,TUOLUMNE,UNINCORPORATED,-120.23815558,37.836247999999998
90108783,2016,2016-02-03,9425,2016-01-31,1948,019773,,7,2,9,5500,0,1,3,,2,031,SR-108,"SNOWHITE RIDGE DR",0.00,,N,D,-,Y,,,108,,,,,,,Y,4,0,1,1,A,-,03,22350,,N,E,I,A,C,G,-,D,D,0,,,,,Y,,D,22,0,0,1,0,0,0,0,0,0,"- ","- ",38.147469999999998,-120.07814999999999,TUOLUMNE,UNINCORPORATED,-120.07814879,38.147461790000001
90198383,2016,2016-06-09,9425,2016-06-06,1820,017461,,1,2,9,5500,0,1,3,,2,041,SR-120,"SPRAGUE RD  W",410.00,W,N,A,-,Y,,,,,,,,,,Y,3,0,2,1,A,-,08,22107,,N,E,I,A,A,H,-,A,D,0,,,,,Y,,A,07,0,2,0,0,0,0,0,0,0,"- ","- ",,,TUOLUMNE,UNINCORPORATED,-120.17200939999999,37.824831140000001
94926312,2025,2025-11-12,9425,2025-11-11,1540,017403,,2,2,9,5500,0,1,3,,2,011,SR-120,"JACKSONVILLE RD",800.00,E,N,A,-,Y,TUO,,120," ",R,22.078,H,,R,Y,4,0,1,1,C,-,18,,,N,E,I,A,A,H,-,A,D,0,,,,,Y,,-,"- ",0,0,1,0,0,0,0,0,0,"- ","- ",37.827350616455078,-120.34091949462891,TUOLUMNE,UNINCORPORATED,-120.34102630615234,37.82720947265625
91446519,2021,2021-05-11,9425,2021-04-08,0900,016921,,4,1,9,5500,0,1,3,,2,031,SR-108,"TWAIN HARTE DRIVE WEST",0.00,,Y,A,-,Y,,,108,,,,,,,Y,3,0,1,2,A,-,09,21802,A,N,D,C,A,A,H,-,A,A,0,,,,,Y,,E,22,0,1,0,0,0,0,0,0,0,"- ","- ",38.019779205322266,-120.24684143066406,TUOLUMNE,UNINCORPORATED,-120.246826171875,38.019771575927734
92055036,2023,2023-04-27,9425,2023-04-23,"650 ",016921,,7,1,9,5500,0,1,3,,2,022,SR-49,"JACKASS HILL RD",2640.00,S,N,A,-,Y,TUO,,49," "," ",25.326,H,,R,Y,4,0,1,1,A,-,08,22107,,N,E,9,A,A,H,-,A,D,0,,,,,Y,,D,22,0,0,1,0,0,0,0,0,0,"- ","- ",37.992511749267578,-120.46898651123047,TUOLUMNE,UNINCORPORATED,-120.468994140625,37.992515563964844
92174928,2023,2023-09-20,9425,2023-09-09,1705,019287,,6,2,9,5500,0,1,3,,2,041,SR-120,"PRIEST COULTERVILLE RD",1700.00,E,N,B,-,Y,TUO,,120," "," ",29.589,H,,R,Y,4,0,1,1,A,-,08,22107,,N,E,I,A,A,H,-,A,D,0,,,Y,,Y,,C,02,0,0,1,0,0,0,0,0,1,"- ","- ",37.817108154296875,-120.2681884765625,TUOLUMNE,UNINCORPORATED,-120.26817321777344,37.817089080810547
92388488,2024,2024-05-13,9425,2024-05-05,2355,021468,,7,3,9,5500,0,1,3,,2,022,SR-49,"SHAWS FLAT RD",540.00,S,N,A,-,Y,TUO,,49," "," ",20.770,H,,R,Y,3,0,1,1,A,-,08,22107,,N,E,I,A,A,H,-,D,D,0,,,,,Y,,D,22,0,1,0,0,0,0,0,0,0,"- ","- ",38.012168884277344,-120.40234375,TUOLUMNE,UNINCORPORATED,-120.40231323242188,38.012119293212891
94499834,2024,2024-12-13,9425,2024-12-06,1620,019773,,5,2,9,5500,0,3,5,,2,001,"SECO ST","THIRD AVE",0.00,,Y,A,-,N,,,,,,,,,,N,4,0,2,2,A,-,09,21802,A,N,D,C,A,A,H,-,A,A,0,,,,,Y,,A,07,0,0,2,0,0,0,0,0,0,"- ","- ",37.949748992919922,-120.42006683349609,TUOLUMNE,UNINCORPORATED,-120.42000579833984,37.949741363525391
94612224,2025,2025-03-20,9425,2025-03-14,1250,022547,,5,1,9,5500,0,3,5,,2,003,"DODGE RIDGE RD.","CRESTVIEW AVE",3168.00,E,N,D,-,N,,,,,,,,,,Y,3,0,3,2,A,-,03,22350,,N,A,C,A,C,H,-,A,D,0,,,,,Y,,A,07,0,2,1,0,0,0,0,0,0,"- ","- ",38.186870574951172,-119.98236083984375,TUOLUMNE,UNINCORPORATED,-119.98310089111328,38.186321258544922
90403949,2017,2017-03-01,9425,2017-02-28,1500,018544,,2,2,9,5500,0,3,5,,2,002,"WARDS FERRY RD","POWELL RANCH RD",7920.00,S,N,A,-,N,,,,,,,,,,N,2,0,1,2,A,-,09,21661,,N,H,G,A,A,E,-,A,D,0,,Y,,,Y,,L,04,1,0,0,0,0,0,1,0,0,"- ","- ",37.876309999999997,-120.29935,TUOLUMNE,UNINCORPORATED,-120.30143215,37.875092819999999
90629946,2017,2017-12-29,9425,2017-12-19,1720,014853,,2,2,9,5500,0,3,5,,2,003,"WILLOW SPRINGS DR","BONNIE CT",70.00,W,N,B,-,N,,,,,,,,,,Y,3,0,2,1,A,-,08,22107,,N,E,I,A,A,H,-,C,D,0,,,,,Y,,A,01,0,1,1,0,0,0,0,0,0,"- ","- ",37.99492,-120.26457000000001,TUOLUMNE,UNINCORPORATED,-120.26443243,37.994878980000003
90807510,2018,2018-09-06,9425,2018-08-30,0740,014737,,4,1,9,5500,0,2,4,,2,014,"LA GRANGE ROAD","RED HILLS ROAD",1584.00,N,N,A,-,N,,,,,,,,,,Y,3,0,2,1,A,-,01,23152,A,N,E,I,A,A,H,-,A,D,0,,,,,Y,Y,A,01,0,1,1,0,0,0,0,0,0,"- ","- ",37.832408905029297,-120.48461151123047,TUOLUMNE,UNINCORPORATED,-120.48400115966797,37.832420349121094
90994401,2019,2019-05-22,9425,2019-05-15,2150,015963,,3,2,9,5500,0,1,3,,2,022,SR-49,"POPPY HILLS DRIVE",528.00,S,N,B,C,Y,,,49,,,,,,,Y,3,0,1,1,A,-,08,22107,,N,E,I,A,B,H,-,D,D,0,,,,,Y,,A,01,0,1,0,0,0,0,0,0,0,"- ","- ",37.993358612060547,-120.43595886230469,TUOLUMNE,UNINCORPORATED,-120.43601989746094,37.993492126464844
91037791,2019,2019-07-25,9425,2019-07-22,1330,019785,,1,1,9,5500,0,3,5,,2,003,"TWAIN HARTE DR","HUNTS RD",240.00,N,N,A,-,N,,,,,,,,,,N,4,0,1,2,A,-,05,21460,A,M,B,C,A,A,H,-,A,D,0,,,,,Y,,D,22,0,0,1,0,0,0,0,0,0,"- ","- ",38.022659301757812,-120.2457275390625,TUOLUMNE,UNINCORPORATED,-120.24679565429688,38.021648406982422
91395970,2021,2021-01-28,9425,2021-01-25,0845,016921,,1,1,9,5500,0,2,4,,2,034,"TUOLUMNE ROAD","BLACK OAK ROAD",144.00,W,N,B,-,N,,,,,,,,,,Y,4,0,1,1,A,-,03,22350,,N,E,I,A,C,H,-,A,D,0,,,,,Y,,A,01,0,0,1,0,0,0,0,0,0,"- ","- ",37.963188171386719,-120.28507995605469,TUOLUMNE,UNINCORPORATED,-120.28495025634766,37.963111877441406
6428303,2014,2016-03-02,9425,2014-03-26,0800,016751,,3,1,9,5500,0,1,3,,2,022,"RT 49","DOSSI WY",6.00,N,N,B,-,Y,TUO,10,49,-,-,20.808,H,-,S,Y,4,0,1,3,A,-,03,22350,,N,C,C,A,B,H,-,A,D,0,,,,,Y,,A,08,0,0,1,0,0,0,0,0,0,"- ","- ",38.000720000000001,-120.38357999999999,TUOLUMNE,UNINCORPORATED,-120.43476063,37.874904979999997
90112566,2016,2016-02-10,9425,2016-01-30,0001,018644,,6,3,9,5500,0,3,5,,2,003,"TWAIN HARTE DRIVE","MARQUIS DRIVE",875.00,E,N,B,C,N,,,,,,,,,,Y,4,0,1,1,A,-,08,22107,,N,E,I,A,B,H,-,D,D,0,,,,,Y,,A,01,0,0,1,0,0,0,0,0,0,"- ","- ",38.032269999999997,-120.2343,TUOLUMNE,UNINCORPORATED,-120.23419876,38.032250619999999
90295934,2016,2016-10-19,9425,2016-10-08,0335,016812,,6,3,9,5500,0,1,3,,2,011,SR-120,"LA GRANGE RD",2112.00,W,N,A,-,Y,,,120,,,,,,,Y,3,0,1,1,A,-,05,21650,,N,E,I,A,A,H,-,D,D,0,,,,,Y,,A,01,0,1,0,0,0,0,0,0,0,"- ","- ",37.841189999999997,-120.5149,TUOLUMNE,UNINCORPORATED,-120.51489046,37.841147739999997
90476366,2017,2017-06-12,9425,2017-06-05,1736,018965,,1,2,9,5500,0,1,3,,2,022,SR-49,"JACKASS HILL RD",480.00,S,N,A,-,Y,,,49,,,,,,,Y,4,0,1,1,A,-,08,22107,,N,F,A,A,A,H,-,A,D,0,,,Y,,Y,,C,02,0,0,1,0,0,0,0,0,1,"- ","- ",37.989150000000002,-120.47221999999999,TUOLUMNE,UNINCORPORATED,-120.47223925999999,37.989224299999997
91061331,2019,2019-08-28,9425,2019-08-27,0724,018251,,2,1,9,5500,0,1,3,,1,021,"STATE ROUTE 108","LIME KILN RD",250.00,W,N,A,-,Y,,,108,,,,,,,Y,4,0,2,2,A,-,03,22350,,N,C,C,A,A,H,-,A,D,0,,,,,Y,,A,01,0,0,2,0,0,0,0,0,0,"- ","- ",37.967300415039062,-120.37899780273438,TUOLUMNE,UNINCORPORATED,-120.37905883789062,37.967388153076172
91090764,2019,2019-10-04,9425,2019-09-25,1400,017461,,3,2,9,5500,0,3,5,,1,004,"WAGNER RIDGE RD","CUMO WAGNE",5280.00,E,N,A,-,N,,,,,,,,,,N,3,0,1,1,A,-,08,22107,,N,F,A,A,A,H,-,A,D,0,,,Y,,Y,Y,C,02,0,1,0,0,0,0,0,0,1,"- ","- ",37.798110961914062,-120.17304229736328,TUOLUMNE,UNINCORPORATED,-120.17910003662109,37.807147979736328
94610691,2025,2025-03-19,9425,2025-03-14,"740 ",020142,,5,1,9,5500,0,3,5,,2,002,"PASEO DE LOS PORTALES RD","EL VENADA TRAIL",800.00,N,N,D,-,N,,,,,,,,,,Y,4,0,1,1,A,-,03,22350,,N,E,I,A,C,H,-,A,D,0,,,,,Y,,A,08,0,0,1,0,0,0,0,0,0,"- ","- ",38.0189208984375,-120.30087280273438,TUOLUMNE,UNINCORPORATED,-120.30124664306641,38.018959045410156
94713200,2025,2025-06-04,9425,2025-06-02,2155,018644,,1,2,9,5500,0,1,3,,1,021,SR-108,"WASHINGTON ST",800.00,E,N,A,-,Y,TUO,,108," ",R,1.082,H,,R,Y,3,0,1,2,A,-,01,23152,A,N,C,C,A,A,H,-,D,D,0,,,,,Y,Y,A,07,0,1,0,0,0,0,0,0,0,"- ","- ",37.969051361083984,-120.37570190429688,TUOLUMNE,UNINCORPORATED,-120.37568664550781,37.969013214111328
91113160,2019,2019-11-04,9425,2019-10-23,1630,018453,,3,2,9,5500,0,3,5,,2,003,"ELIZABETH PEAK RD","HEPLER ROAD",1056.00,N,N,A,-,N,,,,,,,,,,N,4,0,1,1,A,-,03,22350,,N,E,I,A,A,H,-,A,D,0,,,,,Y,,A,07,0,0,1,0,0,0,0,0,0,"- ","- ",38.062801361083984,-120.23542785644531,TUOLUMNE,UNINCORPORATED,-120.23541259765625,38.062789916992188
91263782,2020,2020-07-06,9425,2020-06-29,1340,016540,,1,1,9,5500,0,3,5,,2,003,"BIG HILL ROAD","QUAIL MINE RD",1056.00,E,N,A,-,N,,,,,,,,,,Y,3,0,1,1,A,-,08,22107,,N,E,I,A,A,H,-,A,D,0,,,,,Y,,A,01,0,1,0,0,0,0,0,0,0,"- ","- ",38.037979125976562,-120.36859893798828,TUOLUMNE,UNINCORPORATED,-120.36817932128906,38.03717041015625
91692074,2022,2022-02-02,9425,2022-01-25,1300,018251,,2,1,9,5500,0,3,5,,2,003,"SOUTH FORK ROAD","SUNNYBROOK DRIVE",500.00,N,N,A,-,N,,,,,,,,,,Y,4,0,1,1,A,-,08,22107,,N,E,I,A,A,H,-,A,D,0,,,,,Y,,A,01,0,0,1,0,0,0,0,0,0,"- ","- ",38.036678314208984,-120.25035095214844,TUOLUMNE,UNINCORPORATED,-120.25027465820312,38.036785125732422
91892603,2022,2022-10-18,9425,2022-10-10,1800,018559,,1,2,9,5500,0,1,3,,2,031,SR-108,"SOULSBYVILLE RD",0.00,,Y,A,-,Y,TUO,,108,,,7.512,H,,R,Y,4,0,1,2,A,-,12,21453,A,N,D,C,A,A,H,-,A,A,0,,,,,Y,,D,22,0,0,1,0,0,0,0,0,0,"- ","- ",37.996498107910156,-120.26725006103516,TUOLUMNE,UNINCORPORATED,-120.26726531982422,37.996513366699219
92380267,2024,2024-05-02,9425,2024-04-24,1500,016921,,3,2,9,5500,0,3,5,,2,003,"TUOLUMNE ROAD NORTH","INKS DRIVE",528.00,S,N,B,-,N,,,,,,,,,,N,4,0,1,1,C,-,18,,,N,E,9,A,A,H,-,A,D,0,,,,,Y,,-,"- ",0,0,1,0,0,0,0,0,0,"- ","- ",37.980728149414062,-120.24806213378906,TUOLUMNE,UNINCORPORATED,-120.24796295166016,37.980796813964844
92387205,2024,2024-05-10,9425,2024-05-04,1745,016886,,6,2,9,5500,0,3,5,,1,004,"EVERGREEN ROAD","MIDDLE FORK TUOLUMNE ROAD",555.00,S,N,B,D,N,,,,,,,,,,N,3,0,1,1,A,-,08,22107,,N,F,A,A,C,H,-,A,D,0,,,,,Y,,A,07,0,1,0,0,0,0,0,0,0,"- ","- ",37.855159759521484,-119.86421966552734,TUOLUMNE,UNINCORPORATED,,
6740065,2015,2015-05-26,9425,2015-03-13,1625,018544,,5,2,9,5500,0,1,3,,2,031,"RT 108","TWAIN HARTE DR EAST",0.00,,Y,A,-,Y,TUO,10,108,-,R,9.583,I,5,W,Y,1,1,2,2,A,-,09,21801,A,N,D,C,A,A,H,-,A,D,0,,,,,Y,,A,01,0,1,1,0,0,0,0,0,0,"- ","- ",38.039029999999997,-120.21854,TUOLUMNE,UNINCORPORATED,-120.24677603000001,38.019840350000003
9273786,2021,2021-06-22,5501,2021-03-04,1815,LD1,5501,4,5,2,5501,0,0,0,,0,001,"S WASHINGTON","GOLD ST",6.00,S,N,A,-,N,,,,,,,,,,N,3,0,1,2,A,-,10,21950,A,N,G,B,C,A,H,-,C,D,0,Y,,,,Y,,D,22,0,1,0,0,1,0,0,0,0,"- ","- ",37.980720520019531,-120.38144683837891,TUOLUMNE,SONORA,-120.38185119628906,37.980842590332031
90191657,2016,2016-06-02,9425,2016-05-28,1415,019297,,6,2,9,5500,0,1,3,,2,031,"RT 108","COFFILL RD",194.00,E,N,A,-,Y,,,108,,,,,,,Y,2,0,1,1,A,-,08,22107,,N,E,I,A,A,H,-,A,D,0,,,,,Y,,A,07,1,0,0,0,0,0,0,0,0,"- ","- ",38.046610000000001,-120.20447,TUOLUMNE,UNINCORPORATED,-120.20450231,38.046648509999997
90211369,2016,2016-06-28,9425,2016-06-17,1740,014853,,5,2,9,5500,0,1,3,,2,011,SR-120,SR-108,0.00,,Y,A,-,Y,,,120,,,,,,,Y,3,0,1,2,A,-,09,21802,A,N,D,C,A,A,H,-,A,A,0,,,,,Y,,A,01,0,1,0,0,0,0,0,0,0,"- ","- ",37.891179999999999,-120.48821,TUOLUMNE,UNINCORPORATED,-120.48825663,37.891153070000001
90391941,2017,2017-02-13,9425,2017-02-08,1615,018965,,3,2,9,5500,0,1,3,,2,011,"SR-120 E/B","TULLOCH DAM RD",14256.00,E,N,B,-,Y,,,120,,,,,,E,Y,3,0,1,1,A,-,08,22107,,N,F,A,A,B,H,-,A,D,0,,,,,Y,,A,01,0,1,0,0,0,0,0,0,0,"- ","- ",37.849020000000003,-120.58262000000001,TUOLUMNE,UNINCORPORATED,-120.58261509,37.849040590000001
90498117,2017,2017-07-11,9425,2017-07-03,1443,018965,,1,2,9,5500,0,3,5,,2,001,"CAMPO SECO RD","SECO TERRACE DR",1056.00,W,N,A,-,N,,,,,,,,,,Y,4,0,1,1,A,-,08,22107,,N,E,I,A,A,H,-,A,D,0,,,,,Y,,A,01,0,0,1,0,0,0,0,0,0,"- ","- ",37.950220000000002,-120.40568,TUOLUMNE,UNINCORPORATED,-120.40933035,37.948739709999998
94410790,2024,2024-09-27,9425,2024-09-18,1340,019287,,3,1,9,5500,0,3,5,,2,002,"SAWMILL FLAT RD","MARCUS LN",790.00,N,N,C,-,N,,,,,,,,,,Y,4,0,1,2,A,-,05,21460,A,M,B,2,A,B,H,-,A,D,0,,,,,Y,,A,01,0,0,1,0,0,0,0,0,0,"- ","- ",38.022941589355469,-120.37979888916016,TUOLUMNE,UNINCORPORATED,-120.37983703613281,38.02288818359375
94593044,2025,2025-02-28,9425,2025-02-26,1840,016812,,3,2,9,5500,0,2,4,,2,026,"MONO WAY","STANDARD RD",0.00,,Y,A,-,N,,,,,,,,,,Y,3,0,2,2,A,-,12,21453,A,N,D,C,A,A,H,-,D,A,0,,,,,Y,,D,22,0,2,0,0,0,0,0,0,0,"- ","- ",37.977981567382812,-120.31523895263672,TUOLUMNE,UNINCORPORATED,-120.31526947021484,37.977947235107422
94697900,2025,2025-05-22,9425,2025-05-21,1640,018644,,3,2,9,5500,0,3,5,,2,003,"LONGEWAY RD","COLORADO RIVER DR",80.00,E,N,A,-,N,,,,,,,,,,N,3,0,1,1,A,-,08,22107,,N,F,A,A,A,H,-,A,D,0,,,Y,,Y,,C,02,0,1,0,0,0,0,0,0,1,"- ","- ",38.032180786132812,-120.26540374755859,TUOLUMNE,UNINCORPORATED,-120.26567077636719,38.032230377197266
91320980,2020,2020-10-09,9425,2020-09-30,1725,018251,,3,2,9,5500,0,1,3,,2,031,"STATE ROUTE 108","SOULSBYVILLE RD",275.00,E,N,A,-,Y,,,108,,,,,,,N,3,0,1,1,A,-,08,22107,,N,F,A,A,A,H,-,A,D,0,,,Y,,Y,,C,02,0,1,0,0,0,0,0,0,1,"- ","- ",37.997100830078125,-120.2666015625,TUOLUMNE,UNINCORPORATED,-120.26663970947266,37.997154235839844
91562305,2021,2021-09-03,9425,2021-08-25,0725,016921,,3,1,9,5500,0,3,5,,2,003,"PEACEFUL OAK RD","MONO WAY",0.00,,Y,A,-,N,,,,,,,,,,Y,4,0,1,2,A,-,12,21453,A,N,D,C,A,A,H,-,A,A,0,,,Y,,Y,,A,01,0,0,1,0,0,0,0,0,1,"- ","- ",37.977970123291016,-120.31537628173828,TUOLUMNE,UNINCORPORATED,-120.31526947021484,37.977947235107422
91700051,2022,2022-02-14,9425,2022-02-05,1835,018251,,6,2,9,5500,0,3,5,,2,003,"TUOLUMNE ROAD NORTH","SUN SWEPT DRIVE",102.00,S,N,A,-,N,,,,,,,,,,Y,4,0,3,1,A,-,08,22107,,N,F,A,A,A,H,-,D,D,0,,,,,Y,,A,01,0,0,3,0,0,0,0,0,0,"- ","- ",37.999000549316406,-120.23101043701172,TUOLUMNE,UNINCORPORATED,-120.23095703125,37.998973846435547
92125724,2023,2023-07-25,9425,2023-07-11,"550 ",014853,,2,3,9,5500,0,1,3,,2,011,"SR-120 WESTBOUND","TULLOCH ROAD",5280.00,E,N,A,-,Y,TUO,,120," ",R,2.412,H,,L,Y,3,0,1,1,A,-,08,22107,,N,E,I,A,A,H,-,A,D,0,,,,,Y,,A,01,0,1,0,0,0,0,0,0,0,"- ","- ",37.846889495849609,-120.60999298095703,TUOLUMNE,UNINCORPORATED,-120.6099853515625,37.846843719482422
92252017,2023,2023-12-04,9425,2023-12-02,1245,018559,,6,1,9,5500,0,1,3,,2,013,SR-49,"CHICKEN RANCH RD",0.00,,Y,A,-,Y,TUO,,49," "," ",12.819,H,,R,N,4,0,1,2,A,-,09,21802,A,N,D,C,A,A,H,-,A,A,0,,,,,Y,,A,01,0,0,1,0,0,0,0,0,0,"- ","- ",37.935100555419922,-120.44316864013672,TUOLUMNE,UNINCORPORATED,-120.44315338134766,37.935089111328125
94404270,2024,2024-09-23,9425,2024-09-15,1940,021474,,7,2,9,5500,0,3,5,,2,002,"CAMPO SECO RD","SLEEPY HOLLOW RD",392.00,E,N,A,-,N,,,,,,,,,,N,4,0,1,2,A,-,03,22350,,N,C,C,A,A,H,-,D,D,0,,,,,Y,,D,22,0,0,1,0,0,0,0,0,0,"- ","- ",37.954158782958984,-120.38807678222656,TUOLUMNE,UNINCORPORATED,-120.38812255859375,37.954017639160156
90515742,2017,2017-08-03,9425,2017-07-31,1645,016812,,1,2,9,5500,0,1,3,,2,031,SR-108,"BONANZA DR",80.00,W,N,A,-,Y,,,108,,,,,,,N,4,0,2,3,A,-,03,22350,,N,C,C,A,A,H,-,A,D,0,,,,,Y,,A,07,0,0,2,0,0,0,0,0,0,"- ","- ",38.074339999999999,-120.17359,TUOLUMNE,UNINCORPORATED,-120.1735896,38.074338730000001
90745605,2018,2018-06-11,9425,2018-06-05,1456,018453,,2,2,9,5500,0,1,3,,2,013,SR-49,"CHICKEN RANCH ROAD",0.00,,Y,A,-,Y,,,49,,,,,,,Y,3,0,2,2,A,-,09,21801,A,N,D,C,A,A,H,-,A,A,0,,,,,Y,Y,A,01,0,2,0,0,0,0,0,0,0,"- ","- ",37.934989929199219,-120.44333648681641,TUOLUMNE,UNINCORPORATED,-120.44328308105469,37.934944152832031