CASE_ID,ACCIDENT_YEAR,PROC_DATE,JURIS,COLLISION_DATE,COLLISION_TIME,OFFICER_ID,REPORTING_DISTRICT,DAY_OF_WEEK,CHP_SHIFT,POPULATION,CNTY_CITY_LOC,SPECIAL_COND,BEAT_TYPE,CHP_BEAT_TYPE,CITY_DIVISION_LAPD,CHP_BEAT_CLASS,BEAT_NUMBER,PRIMARY_RD,SECONDARY_RD,DISTANCE,DIRECTION,INTERSECTION,WEATHER_1,WEATHER_2,STATE_HWY_IND,CALTRANS_COUNTY,CALTRANS_DISTRICT,STATE_ROUTE,ROUTE_SUFFIX,POSTMILE_PREFIX,POSTMILE,LOCATION_TYPE,RAMP_INTERSECTION,SIDE_OF_HWY,TOW_AWAY,COLLISION_SEVERITY,NUMBER_KILLED,NUMBER_INJURED,PARTY_COUNT,PRIMARY_COLL_FACTOR,PCF_CODE_OF_VIOL,PCF_VIOL_CATEGORY,PCF_VIOLATION,PCF_VIOL_SUBSECTION,HIT_AND_RUN,TYPE_OF_COLLISION,MVIW,PED_ACTION,ROAD_SURFACE,ROAD_COND_1,ROAD_COND_2,LIGHTING,CONTROL_DEVICE,CHP_ROAD_TYPE,PEDESTRIAN_ACCIDENT,BICYCLE_ACCIDENT,MOTORCYCLE_ACCIDENT,TRUCK_ACCIDENT,NOT_PRIVATE_PROPERTY,ALCOHOL_INVOLVED,STWD_VEHTYPE_AT_FAULT,CHP_VEHTYPE_AT_FAULT,COUNT_SEVERE_INJ,COUNT_VISIBLE_INJ,COUNT_COMPLAINT_PAIN,COUNT_PED_KILLED,COUNT_PED_INJURED,COUNT_BICYCLIST_KILLED,COUNT_BICYCLIST_INJURED,COUNT_MC_KILLED,COUNT_MC_INJURED,PRIMARY_RAMP,SECONDARY_RAMP,LATITUDE,LONGITUDE,COUNTY,CITY,POINT_X,POINT_Y
91129860,2019,2019-11-26,9425,2019-11-18,1535,018453,,1,2,9,5500,0,3,5,,2,002,"CAMAGE AVENUE","STANDARD RD",1584.00,W,N,A,-,N,,,,,,,,,,Y,3,0,2,1,A,-,08,22107,,N,F,A,A,A,H,-,A,D,0,,,,,Y,,A,01,0,1,1,0,0,0,0,0,0,"- ","- ",37.961498260498047,-120.31683349609375,TUOLUMNE,UNINCORPORATED,-120.31603240966797,37.961402893066406
91152737,2019,2019-12-26,9425,2019-12-19,1601,018453,,4,2,9,5500,0,3,5,,2,003,"SOULSBYVILLE RD","ARMARIO RD",150.00,N,N,B,-,N,,,,,,,,,,Y,4,0,1,2,A,-,05,21460,A,N,B,C,A,A,H,-,A,D,0,,,,,Y,,D,22,0,0,1,0,0,0,0,0,0,"- ","- ",37.978050231933594,-120.27156829833984,TUOLUMNE,UNINCORPORATED,-120.27183532714844,37.977447509765625
91173337,2020,2020-01-24,9425,2020-01-19,1042,017403,,7,1,9,5500,0,3,5,,1,004,"MERCED FALLS RD","PEPITO DR",2112.00,N,N,A,-,N,,,,,,,,,,Y,4,0,1,1,A,-,08,22107,,N,F,A,A,A,H,-,A,D,0,,,,,Y,,A,07,0,0,1,0,0,0,0,0,0,"- ","- ",37.669029235839844,-120.31664276123047,TUOLUMNE,UNINCORPORATED,-120.3165283203125,37.669029235839844
91176970,2020,2020-01-30,9425,2020-01-19,2245,018822,,7,3,9,5500,0,3,5,,2,003,"LONGEWAY RD","FERRARI RD",775.00,S,N,A,-,N,,,,,,,,,,N,2,0,1,1,A,-,01,23152,A,N,F,A,A,A,H,-,D,D,0,,,,,Y,Y,A,07,1,0,0,0,0,0,0,0,0,"- ","- ",38.015689849853516,-120.25871276855469,TUOLUMNE,UNINCORPORATED,-120.25852203369141,38.015720367431641
91183873,2020,2020-02-10,9425,2020-02-02,1545,018453,,7,2,9,5500,0,3,5,,2,003,"EAST AVE","CEDAR PINES AVE",100.00,S,N,B,-,N,,,,,,,,,,N,4,0,1,1,A,-,08,22107,,N,E,I,A,B,H,-,A,D,0,,,,,Y,,A,01,0,0,1,0,0,0,0,0,0,"- ","- ",38.036079406738281,-120.22438812255859,TUOLUMNE,UNINCORPORATED,-120.22441101074219,38.036235809326172
91212245,2020,2020-03-19,9425,2020-03-12,1855,017822,,4,2,9,5500,0,3,5,,2,003,"STATE ROUTE 49","JACKASS HILL RD",528.00,S,N,A,-,Y,,,,,,,,,,Y,2,0,1,1,A,-,08,22107,,N,E,I,A,A,H,-,B,D,0,,,,,Y,,A,01,1,0,0,0,0,0,0,0,0,"- ","- ",37.989139556884766,-120.48258209228516,TUOLUMNE,UNINCORPORATED,-120.47200012207031,37.989307403564453
91217813,2019,2020-03-27,9425,2019-07-20,2320,018822,,6,3,9,5500,0,3,5,,2,003,"KEWIN MILL RD","HIGH GRADE LN",400.00,N,N,A,-,N,,,,,,,,,,Y,2,0,2,1,A,-,01,23152,A,N,E,I,A,A,H,-,D,D,0,,,,,Y,Y,A,07,2,0,0,0,0,0,0,0,0,"- ","- ",38.047698974609375,-120.26512908935547,TUOLUMNE,UNINCORPORATED,-120.26502227783203,38.047477722167969
91220879,2020,2020-04-06,9425,2020-04-01,0330,019773,,3,3,9,5500,0,2,4,,2,023,"PHOENIX LAKE RD","PASEO DE LOS PORTALES RD",2112.00,E,N,A,-,N,,,,,,,,,,Y,3,0,1,1,A,-,01,23152,A,N,E,I,A,A,H,-,D,D,0,,,,,Y,Y,A,01,0,1,0,0,0,0,0,0,0,"- ","- ",38.008049011230469,-120.29559326171875,TUOLUMNE,UNINCORPORATED,-120.29638671875,38.008327484130859
91225416,2020,2020-04-14,9425,2020-04-13,1008,018251,,1,1,9,5500,0,1,3,,2,022,"STATE ROUTE 49","PORTAGEE LANE",0.00,,Y,A,-,Y,,,49,,,,,,,Y,4,0,1,2,A,-,09,21801,A,N,D,C,A,A,H,-,A,D,0,,,,,Y,,D,22,0,0,1,0,0,0,0,0,0,"- ","- ",37.999500274658203,-120.43099975585938,TUOLUMNE,UNINCORPORATED,-120.43099975585938,37.999500274658203
91239783,2020,2020-05-19,9425,2020-05-18,1235,016921,,1,1,9,5500,0,3,5,,2,001,"JAMESTOWN RD","GOLF LINKS RD",87.00,S,N,C,-,N,,,,,,,,,,Y,3,0,1,1,A,-,08,22107,,N,E,I,A,B,H,-,A,D,0,,,,,Y,,A,01,0,1,0,0,0,0,0,0,0,"- ","- ",37.966888427734375,-120.41605377197266,TUOLUMNE,UNINCORPORATED,-120.41607666015625,37.966964721679688
91239869,2020,2020-05-19,9425,2020-05-13,1100,014737,,3,1,9,5500,0,2,4,,2,014,"LA GRANGE ROAD","OLD DON PEDRO ROAD",8448.00,S,N,A,-,N,,,,,,,,,,Y,4,0,1,1,A,-,08,22107,,N,F,A,A,A,H,-,A,D,0,,,,,Y,,A,01,0,0,1,0,0,0,0,0,0,"- ","- ",37.802898406982422,-120.47184753417969,TUOLUMNE,UNINCORPORATED,-120.4720458984375,37.803142547607422
91240781,2020,2020-05-21,9425,2020-05-09,0535,017822,,6,3,9,5500,0,3,5,,2,001,"10609 JIM BRADY ROAD","PETTICOAT JUNCTION DR",100.00,E,N,A,-,N,,,,,,,,,,N,2,0,1,2,C,-,18,,,N,E,I,A,A,H,-,A,D,0,,,,,Y,Y,-,"- ",1,0,0,0,0,0,0,0,0,"- ","- ",37.946140289306641,-120.41513824462891,TUOLUMNE,UNINCORPORATED,-120.41526031494141,37.946121215820312
91240860,2020,2020-05-21,9425,2020-05-16,1555,018559,,6,2,9,5500,0,1,3,,2,011,"SR-120 W/B","TULLOCH RD",2112.00,W,N,A,-,Y,,,120,,,,,,W,N,3,0,1,1,A,-,08,22107,,N,F,A,A,A,H,-,A,D,0,,,Y,,Y,,C,02,0,1,0,0,0,0,0,0,1,"- ","- ",37.832939147949219,-120.62911987304688,TUOLUMNE,UNINCORPORATED,-120.62918090820312,37.832996368408203
91247495,2020,2020-06-04,9425,2020-05-29,0015,018251,,5,3,9,5500,0,1,3,,2,031,"STATE ROUTE 108","SOULSBYVILLE RD",2640.00,E,N,A,-,Y,,,108,,,,,,,Y,3,0,1,1,A,-,08,22107,,M,E,I,A,A,H,-,D,D,0,,,,,Y,,D,22,0,1,0,0,0,0,0,0,0,"- ","- ",38.0010986328125,-120.260498046875,TUOLUMNE,UNINCORPORATED,-120.26066589355469,38.001243591308594
91247513,2020,2020-06-04,9425,2020-06-01,0742,020028,,1,1,9,5500,0,3,5,,2,002,"SPRINGFIELD RD","PARROTTS FERRY RD",735.00,W,N,A,-,N,,,,,,,,,,Y,4,0,1,1,A,-,08,22107,,N,E,I,A,A,H,-,A,D,0,,,,,Y,,D,22,0,0,1,0,0,0,0,0,0,"- ","- ",38.025928497314453,-120.40760040283203,TUOLUMNE,UNINCORPORATED,-120.40758514404297,38.026092529296875
91248062,2020,2020-06-05,9425,2020-05-25,1735,019657,,1,2,9,5500,0,3,5,,1,004,"BONDS FLAT ROAD","LA GRANGE ROAD",0.00,,Y,A,-,N,,,,,,,,,,Y,3,0,2,1,A,-,01,23152,A,N,E,I,A,A,H,-,A,A,0,,,,,Y,Y,A,01,0,1,1,0,0,0,0,0,0,"- ","- ",37.716751098632812,-120.44442749023438,TUOLUMNE,UNINCORPORATED,-120.44434356689453,37.716758728027344
91251172,2020,2020-06-12,9425,2020-06-02,0154,019773,,2,3,9,5500,0,3,5,,2,001,"OBYRNES FERRY RD","PEORIA FLAT RD",2680.00,N,N,A,-,N,,,,,,,,,,N,4,0,1,1,A,-,01,23152,A,N,E,I,A,A,H,-,D,D,0,,,,,Y,Y,A,01,0,0,1,0,0,0,0,0,0,"- ","- ",37.886398315429688,-120.51023864746094,TUOLUMNE,UNINCORPORATED,,
9128357,2020,2020-12-01,5501,2020-03-08,1136,JB2,5501,7,5,2,5501,0,0,0,,0,001,"RT 49","RT 108",63.00,N,N,A,-,Y,TUO,10,49,-,-,16.480,I,5,S,N,3,0,1,1,A,-,03,22350,,N,E,I,A,A,H,-,A,A,0,,,,,Y,,A,01,0,1,0,0,0,0,0,0,0,"- ","- ",37.965160369873047,-120.39395141601562,TUOLUMNE,SONORA,-120.39397430419922,37.965171813964844
91284916,2020,2020-08-12,9425,2020-08-02,1735,019773,,7,2,9,5500,0,1,3,,2,031,SR-108,"MONO RD",530.00,E,N,A,-,Y,,,108,,,,,,,Y,3,0,3,5,A,-,08,22107,,N,E,E,A,A,H,-,A,D,0,,,,,Y,,A,07,0,3,0,0,0,0,0,0,0,"- ","- ",38.161731719970703,-120.056396484375,TUOLUMNE,UNINCORPORATED,-120.05638885498047,38.161720275878906
91285969,2020,2020-09-09,9425,2020-08-05,1750,017461,,3,2,9,5500,0,1,3,,2,013,SR-49,"HUMBUG STREET",70.00,S,N,A,-,Y,,,,,,,,,,Y,4,0,1,3,A,-,03,22350,,N,C,C,A,A,H,-,A,D,0,,,,,Y,,D,22,0,0,1,0,0,0,0,0,0,"- ","- ",37.995861053466797,-120.42283630371094,TUOLUMNE,UNINCORPORATED,,
91287141,2020,2020-08-17,9425,2020-08-11,1405,014936,,2,2,9,5500,0,1,3,,2,031,SR-108,"MONO WAY",1584.00,W,N,A,-,Y,,,,,,,,,,Y,3,0,1,1,A,-,08,22107,,N,E,I,A,A,H,-,A,D,0,,,,,Y,,D,22,0,1,0,0,0,0,0,0,0,"- ","- ",37.981979370117188,-120.30467987060547,TUOLUMNE,UNINCORPORATED,-120.36152648925781,37.972927093505859
91291154,2020,2020-08-24,9425,2020-08-14,1430,018644,,5,2,9,5500,0,1,3,,2,032,SR-108,"KENNEDY MEADOWS RD",5280.00,E,N,A,-,Y,,,108,,,,,,,N,3,0,1,2,A,-,05,21460,A,N,D,C,A,A,H,-,A,D,0,,,,,Y,,J,49,0,1,0,0,0,0,0,0,0,"- ","- ",38.31536865234375,-119.74301910400391,TUOLUMNE,UNINCORPORATED,-119.74306488037109,38.315372467041016
91293487,2020,2020-08-27,9425,2020-08-23,1633,019657,,7,2,9,5500,0,1,3,,2,013,SR-49,"CHICKEN RANCH ROAD",0.00,,Y,A,-,Y,,,49,,,,,,,N,4,0,2,2,A,-,09,21802,A,N,D,C,A,A,H,-,A,A,0,,,,,Y,,D,22,0,0,2,0,0,0,0,0,0,"- ","- ",37.935070037841797,-120.44322204589844,TUOLUMNE,UNINCORPORATED,-120.44319152832031,37.935047149658203
91300809,2020,2020-09-08,9425,2020-09-05,1035,017058,,6,1,9,5500,0,1,3,,2,011,"STATE ROUTE 120","LA GRANGE ROAD",0.00,,Y,A,-,Y,,,120,,,,,,,Y,4,0,2,2,A,-,09,21802,A,N,D,C,A,A,H,-,A,A,0,,,,,Y,,A,01,0,0,2,0,0,0,0,0,0,"- ","- ",37.843299865722656,-120.50810241699219,TUOLUMNE,UNINCORPORATED,-120.50811767578125,37.84332275390625
91304425,2020,2020-09-14,9425,2020-09-12,0805,016540,,6,1,9,5500,0,2,4,,2,026,"MONO WAY","JUNCTION SHOPPING CENTER",0.00,,Y,B,-,N,,,,,,,,,,Y,4,0,2,2,A,-,09,21453,C,N,A,C,A,A,H,-,A,A,0,,,,,Y,,A,07,0,0,2,0,0,0,0,0,0,"- ","- ",37.976051330566406,-120.34377288818359,TUOLUMNE,UNINCORPORATED,-120.343773,37.976050999999998
91316081,2020,2020-10-01,9425,2020-09-21,0810,014853,,1,1,9,5500,0,3,5,,2,002,"GREENLEY ROAD","MORNING STAR DRIVE",0.00,,Y,F,-,N,,,,,,,,,,Y,4,0,1,2,A,-,12,21453,A,N,D,C,A,A,H,-,A,A,0,,,,,Y,,A,07,0,0,1,0,0,0,0,0,0,"- ","- ",37.985660552978516,-120.36711883544922,TUOLUMNE,UNINCORPORATED,-120.36704254150391,37.985668182373047
91321241,2020,2020-10-12,9425,2020-10-03,1945,019773,,6,2,9,5500,0,1,3,,2,022,SR-49,"SHAWS FLAT RD",0.00,,Y,A,-,Y,,,49,,,,,,,N,4,0,1,2,A,-,09,21802,A,N,D,C,A,A,H,-,D,A,0,,,,,Y,,D,22,0,0,1,0,0,0,0,0,0,"- ","- ",38.011550903320312,-120.40400695800781,TUOLUMNE,UNINCORPORATED,-120.40401458740234,38.011566162109375
91321826,2020,2020-10-12,9425,2020-10-02,1420,018251,,5,2,9,5500,0,1,3,,2,022,"STATE ROUTE 49","O'HARA DRIVE",96.00,S,N,A,-,Y,,,49,,,,,,,Y,4,0,1,2,A,-,03,22350,,N,C,C,A,A,H,-,A,D,0,,,,,Y,,A,01,0,0,1,0,0,0,0,0,0,"- ","- ",37.998100280761719,-120.38369750976562,TUOLUMNE,UNINCORPORATED,-120.38371276855469,37.998100280761719
91322121,2020,2020-10-12,9425,2020-10-05,1620,015963,,1,2,9,5500,0,1,3,,1,021,SR-108,"WASHINGTON ST.",190.00,E,N,A,-,Y,,,108,,,,,,,Y,4,0,4,3,A,-,03,22350,,N,C,C,A,A,H,-,A,A,0,,,,,Y,,A,01,0,0,4,0,0,0,0,0,0,"- ","- ",37.968170166015625,-120.37859344482422,TUOLUMNE,UNINCORPORATED,-120.37839508056641,37.967826843261719
91326496,2020,2020-10-19,9425,2020-10-10,1445,019287,,6,2,9,5500,0,3,5,,2,002,SR-49,"PESCE WAY",406.00,N,N,A,-,Y,,,49,,,,,,,N,3,0,1,1,A,-,08,22107,,N,E,I,A,A,H,-,A,D,0,,,,,Y,,D,22,0,1,0,0,0,0,0,0,0,"- ","- ",37.994918823242188,-120.38336181640625,TUOLUMNE,UNINCORPORATED,-120.38332366943359,37.994922637939453
91335420,2020,2020-10-30,9425,2020-10-23,2100,018644,,5,2,9,5500,0,3,5,,2,003,"CHEROKEE RD","CAROL LN",500.00,S,N,A,-,N,,,,,,,,,,N,4,0,1,1,A,-,08,22107,,N,E,I,A,A,H,-,D,D,0,,,,,Y,,A,07,0,0,1,0,0,0,0,0,0,"- ","- ",37.972419738769531,-120.26007080078125,TUOLUMNE,UNINCORPORATED,-120.25850677490234,37.97222900390625
91342877,2020,2020-11-10,9425,2020-11-07,0748,016921,,6,1,9,5500,0,2,4,,2,023,"PHOENIX LAKE ROAD","ACORN DRIVE",260.00,E,N,B,-,N,,,,,,,,,,Y,3,0,1,1,A,-,08,22107,,N,E,I,A,B,H,-,A,D,0,,,,,Y,,A,07,0,1,0,0,0,0,0,0,0,"- ","- ",38.017368316650391,-120.27989196777344,TUOLUMNE,UNINCORPORATED,-120.28114318847656,38.016765594482422
91346413,2020,2020-11-16,9425,2020-11-13,1355,016921,,5,1,9,5500,0,2,4,,2,026,"MONO WAY","PEACEFUL VALLEY ROAD",0.00,,Y,B,-,N,,,,,,,,,,Y,4,0,1,2,A,-,09,21804,A,N,D,C,A,A,H,-,A,A,0,,,,,Y,,D,22,0,0,1,0,0,0,0,0,0,"- ","- ",37.977470397949219,-120.31712341308594,TUOLUMNE,UNINCORPORATED,-120.31716156005859,37.977481842041016
91367771,2020,2020-12-15,9425,2020-12-06,2230,016812,,7,3,9,5500,0,1,3,,2,011,SR-120,SR-108,0.00,,Y,A,-,Y,,,120,,,,,,,Y,3,0,1,1,A,-,01,23152,A,N,E,I,A,A,H,-,C,A,0,,,Y,,Y,Y,C,02,0,1,0,0,0,0,0,0,1,"- ","- ",37.891269683837891,-120.48822021484375,TUOLUMNE,UNINCORPORATED,-120.48829650878906,37.891223907470703
91378195,2020,2020-12-30,9425,2020-12-18,2000,017822,,5,2,9,5500,0,3,5,,2,003,"22982 FULLER ROAD","MARK TWAIN DR",259.00,W,N,A,-,N,,,,,,,,,,Y,3,0,1,1,A,-,08,22107,,N,E,I,A,A,H,-,C,D,0,,,,,Y,,D,22,0,1,0,0,0,0,0,0,0,"- ","- ",38.040088653564453,-120.23545837402344,TUOLUMNE,UNINCORPORATED,-120.23516845703125,38.040138244628906
91386816,2021,2021-01-13,9425,2021-01-05,1000,018251,,2,1,9,5500,0,1,3,,2,031,"STATE ROUTE 108","TWAIN HARTE DR",240.00,W,N,A,-,Y,,,108,,,,,,,Y,3,0,1,1,A,-,00,23125,A,N,E,I,A,A,H,-,A,D,0,,,,,Y,Y,A,07,0,1,0,0,0,0,0,0,0,"- ","- ",38.019001007080078,-120.24720001220703,TUOLUMNE,UNINCORPORATED,-120.24723052978516,38.019023895263672
91402750,2021,2021-02-04,9425,2021-01-29,0755,014853,,5,1,9,5500,0,3,5,,2,001,"JAMESTOWN ROAD","GOLF LINKS ROAD",1056.00,N,N,B,C,N,,,,,,,,,,Y,3,0,1,1,A,-,08,22107,,N,F,A,A,B,H,-,A,D,0,,,,,Y,,D,22,0,1,0,0,0,0,0,0,0,"- ","- ",37.972309112548828,-120.41693115234375,TUOLUMNE,UNINCORPORATED,-120.4168701171875,37.969947814941406
91404368,2021,2021-02-08,9425,2021-01-29,1330,018644,,5,1,9,5500,0,3,5,,2,003,"SOUTH FORK RD","LITTLE FULLER RD",507.00,S,N,B,D,N,,,,,,,,,,Y,3,0,2,1,A,-,08,22107,,N,F,A,A,C,H,-,A,D,0,,,,,Y,,A,01,0,2,0,0,0,0,0,0,0,"- ","- ",38.037731170654297,-120.24958801269531,TUOLUMNE,UNINCORPORATED,-120.24948120117188,38.037757873535156
91412720,2021,2021-02-22,9425,2021-02-15,1625,017403,,1,2,9,5500,0,1,3,,2,041,SR-120,"BLACK RD",400.00,W,N,B,C,Y,,,120,,,,,,,N,4,0,1,3,A,-,08,22107,,N,E,I,F,B,H,-,A,D,0,Y,,,,Y,,D,22,0,0,1,0,1,0,0,0,0,"- ","- ",37.824039459228516,-120.25743103027344,TUOLUMNE,UNINCORPORATED,-120.25736999511719,37.823989868164062
91430150,2021,2021-03-18,9425,2021-03-11,1835,016812,,4,2,9,5500,0,2,4,,2,023,"PHOENIX LAKE RD","SR-108 TO PHOENIX LAKE ROAD",0.00,,Y,B,-,Y,,,,,,,,,,Y,4,0,2,2,A,-,17,21451,A,N,D,C,A,A,H,-,D,A,0,,,,,Y,,D,22,0,0,2,0,0,0,0,0,0,"- ","- ",37.980148315429688,-120.34008026123047,TUOLUMNE,UNINCORPORATED,,
91449065,2021,2021-04-13,9425,2021-04-03,1950,019287,,6,2,9,5500,0,3,5,,2,001,"RAWHIDE RD","PULPIT ROCK RD",1255.00,N,N,A,-,N,,,,,,,,,,Y,3,0,1,1,A,-,08,22107,,N,F,A,A,A,H,-,D,D,0,,,Y,,Y,,C,02,0,1,0,0,0,0,0,0,1,"- ","- ",37.96038818359375,-120.42514801025391,TUOLUMNE,UNINCORPORATED,-120.42527770996094,37.960189819335938
91450164,2021,2021-04-14,9425,2021-04-06,1340,016540,,2,1,9,5500,0,2,4,,2,024,"TUOLUMNE RD","CUESTA CT",350.00,E,N,A,-,N,,,,,,,,,,Y,3,0,1,2,A,-,09,21804,A,N,D,C,A,A,H,-,A,D,0,,,,,Y,,A,01,0,1,0,0,0,0,0,0,0,"- ","- ",37.964271545410156,-120.32965087890625,TUOLUMNE,UNINCORPORATED,-120.32955169677734,37.964160919189453
91454979,2021,2021-04-21,9425,2021-04-11,1810,019287,,7,2,9,5500,0,3,5,,2,003,"SOULSBYVILLE RD",SR-108,114.00,S,N,A,-,N,,,,,,,,,,Y,4,0,1,1,A,-,08,22107,,N,E,I,A,A,H,-,A,D,0,,,,,Y,,A,08,0,0,1,0,0,0,0,0,0,"- ","- ",37.996360778808594,-120.26677703857422,TUOLUMNE,UNINCORPORATED,-120.26694488525391,37.996299743652344
91463308,2021,2021-04-30,9425,2021-04-23,2210,019773,,5,3,9,5500,0,1,3,,2,011,"SR-120 E/B","GREEN SPRINGS RD",5280.00,W,N,A,-,Y,,,120,,,,,,E,Y,3,0,1,2,A,-,01,23152,A,N,C,C,A,A,H,-,D,D,0,,,,,Y,Y,A,07,0,1,0,0,0,0,0,0,0,"- ","- ",37.843391418457031,-120.54328918457031,TUOLUMNE,UNINCORPORATED,-120.54329681396484,37.843349456787109
91464598,2021,2021-05-03,9425,2021-04-25,1338,018251,,7,1,9,5500,0,3,5,,2,001,"JACKSONVILLE ROAD","14801 JACKSONVILLE RD",64.00,S,N,B,C,N,,,,,,,,,,Y,4,0,1,1,A,-,08,22107,,N,E,I,A,B,H,-,A,D,0,,,,,Y,,D,22,0,0,1,0,0,0,0,0,0,"- ","- ",37.892009735107422,-120.40899658203125,TUOLUMNE,UNINCORPORATED,,
91466549,2021,2021-05-05,9425,2021-04-25,1200,018559,,7,1,9,5500,0,3,5,,2,003,"LONGEWAY RD","RHINE RIVER DR  E",90.00,W,N,C,-,N,,,,,,,,,,Y,4,0,1,1,A,-,08,22107,,N,E,I,A,B,H,-,A,D,0,,,,,Y,,D,22,0,0,1,0,0,0,0,0,0,"- ","- ",38.028858184814453,-120.25897979736328,TUOLUMNE,UNINCORPORATED,-120.25894927978516,38.028804779052734
91469291,2021,2021-05-10,9425,2021-04-29,1830,017461,,4,2,9,5500,0,1,3,,2,011,SR-120,"LA GRANGE RD",0.00,,Y,A,-,Y,,,120,,,,,,,Y,3,0,3,2,A,-,08,22107,,N,D,C,A,A,H,-,A,D,0,,,,,Y,,A,01,0,2,1,0,0,0,0,0,0,"- ","- ",37.84326171875,-120.50795745849609,TUOLUMNE,UNINCORPORATED,-120.508056640625,37.843372344970703
91471606,2021,2021-05-12,9425,2021-03-13,1708,016886,,6,2,9,5500,0,3,5,,1,004,"BONDS FLAT ROAD","BLUE OAKS ROAD",3432.00,E,N,A,-,N,,,,,,,,,,Y,1,1,0,1,A,-,01,23152,A,N,E,I,A,A,H,-,A,D,0,,,Y,,Y,Y,C,02,0,0,0,0,0,0,0,1,0,"- ","- ",37.698200225830078,-120.42807769775391,TUOLUMNE,UNINCORPORATED,,
91475048,2021,2021-05-17,9425,2021-04-30,1300,014853,,5,1,9,5500,0,2,4,,2,026,"MONO WAY","EDGEMONT ACRES RD",300.00,E,N,A,-,N,,,,,,,,,,Y,3,0,1,3,A,-,08,22107,,N,B,C,A,A,H,-,A,D,0,,,,,Y,,A,01,0,1,0,0,0,0,0,0,0,"- ","- ",37.978351593017578,-120.33004760742188,TUOLUMNE,UNINCORPORATED,-120.33000946044922,37.978374481201172
91475055,2021,2021-05-17,9425,2021-05-10,0520,016921,,1,3,9,5500,0,1,3,,1,021,SR-108,SR-49,1584.00,E,N,A,-,Y,,,108,,,,,,,Y,4,0,1,1,C,-,18,,,N,H,H,A,A,H,-,D,D,0,,,,,Y,,-,"- ",0,0,1,0,0,0,0,0,0,"- ","- ",37.964900970458984,-120.38762664794922,TUOLUMNE,UNINCORPORATED,-120.38763427734375,37.964881896972656
91485227,2021,2021-05-28,9425,2021-05-21,0935,016921,,5,1,9,5500,0,3,5,,2,001,"JAMESTOWN ROAD","RATTO ROAD",49.00,S,N,A,-,N,,,,,,,,,,Y,3,0,2,1,A,-,08,22107,,N,E,J,A,A,H,-,A,D,0,,,,,Y,,A,07,0,1,1,0,0,0,0,0,0,"- ","- ",37.998680114746094,-120.41020965576172,TUOLUMNE,UNINCORPORATED,-120.41018676757812,37.998737335205078
91491050,2021,2021-06-07,9425,2021-05-26,0905,014853,,3,1,9,5500,0,2,4,,2,026,"MONO WAY","SR-108 E/B TO MONO WAY",0.00,,Y,A,-,Y,,,,,,,,,,Y,4,0,2,2,A,-,17,21451,A,N,D,C,A,A,H,-,A,A,0,,,,,Y,,A,01,0,0,2,0,0,0,0,0,0,"- ","- ",37.976249694824219,-120.3568115234375,TUOLUMNE,UNINCORPORATED,-120.27965545654297,37.990234375
91513597,2021,2021-07-06,9425,2021-07-01,1705,016812,,4,2,9,5500,0,1,3,,2,022,"STATE ROUTE 49","FLUME RD",528.00,N,N,A,-,Y,,,49,,,,,,,N,3,0,1,2,A,-,03,22350,,F,C,6,A,A,H,-,A,D,0,,Y,,,Y,,-,99,0,1,0,0,0,0,1,0,0,"- ","- ",38.000961303710938,-120.42938995361328,TUOLUMNE,UNINCORPORATED,-120.42938232421875,38.000942230224609
91527715,2021,2021-07-23,9425,2021-07-12,1222,014853,,1,1,9,5500,0,3,5,,2,003,"LONGEWAY RD","SOUTH FORK ROAD",440.00,W,N,A,-,N,,,,,,,,,,Y,3,0,1,1,A,-,08,22107,,N,E,I,A,A,H,-,A,D,0,,,,,Y,,A,01,0,1,0,0,0,0,0,0,0,"- ","- ",38.027000427246094,-120.25540161132812,TUOLUMNE,UNINCORPORATED,-120.25543212890625,38.026981353759766
91541557,2021,2021-08-10,9425,2021-08-01,0805,016540,,7,1,9,5500,0,3,5,,2,003,"WARDS FERRY ROAD","SARDELLA RANCH COURT",3696.00,S,N,A,-,N,,,,,,,,,,Y,4,0,1,1,A,-,08,22107,,N,E,I,A,A,H,-,A,D,0,,,,,Y,,A,01,0,0,1,0,0,0,0,0,0,"- ","- ",37.92333984375,-120.30619049072266,TUOLUMNE,UNINCORPORATED,,
91541571,2021,2021-08-10,9425,2021-08-01,2040,018559,,7,2,9,5500,0,1,3,,2,022,SR-49,"JACKASS HILL RD",528.00,S,N,A,-,Y,,,49,,,,,,,Y,2,0,1,1,A,-,08,22107,,N,E,I,A,A,H,-,D,D,0,,,Y,,Y,,C,02,1,0,0,0,0,0,0,0,1,"- ","- ",37.989151000976562,-120.47247314453125,TUOLUMNE,UNINCORPORATED,-120.47246551513672,37.989189147949219