CASE_ID,ACCIDENT_YEAR,PROC_DATE,JURIS,COLLISION_DATE,COLLISION_TIME,OFFICER_ID,REPORTING_DISTRICT,DAY_OF_WEEK,CHP_SHIFT,POPULATION,CNTY_CITY_LOC,SPECIAL_COND,BEAT_TYPE,CHP_BEAT_TYPE,CITY_DIVISION_LAPD,CHP_BEAT_CLASS,BEAT_NUMBER,PRIMARY_RD,SECONDARY_RD,DISTANCE,DIRECTION,INTERSECTION,WEATHER_1,WEATHER_2,STATE_HWY_IND,CALTRANS_COUNTY,CALTRANS_DISTRICT,STATE_ROUTE,ROUTE_SUFFIX,POSTMILE_PREFIX,POSTMILE,LOCATION_TYPE,RAMP_INTERSECTION,SIDE_OF_HWY,TOW_AWAY,COLLISION_SEVERITY,NUMBER_KILLED,NUMBER_INJURED,PARTY_COUNT,PRIMARY_COLL_FACTOR,PCF_CODE_OF_VIOL,PCF_VIOL_CATEGORY,PCF_VIOLATION,PCF_VIOL_SUBSECTION,HIT_AND_RUN,TYPE_OF_COLLISION,MVIW,PED_ACTION,ROAD_SURFACE,ROAD_COND_1,ROAD_COND_2,LIGHTING,CONTROL_DEVICE,CHP_ROAD_TYPE,PEDESTRIAN_ACCIDENT,BICYCLE_ACCIDENT,MOTORCYCLE_ACCIDENT,TRUCK_ACCIDENT,NOT_PRIVATE_PROPERTY,ALCOHOL_INVOLVED,STWD_VEHTYPE_AT_FAULT,CHP_VEHTYPE_AT_FAULT,COUNT_SEVERE_INJ,COUNT_VISIBLE_INJ,COUNT_COMPLAINT_PAIN,COUNT_PED_KILLED,COUNT_PED_INJURED,COUNT_BICYCLIST_KILLED,COUNT_BICYCLIST_INJURED,COUNT_MC_KILLED,COUNT_MC_INJURED,PRIMARY_RAMP,SECONDARY_RAMP,LATITUDE,LONGITUDE,COUNTY,CITY,POINT_X,POINT_Y
91546238,2021,2021-08-16,9425,2021-08-08,1540,017403,,7,2,9,5500,0,3,5,,1,004,"BONDS FLAT RD","LAGRANGE RD",0.00,,Y,A,-,N,,,,,,,,,,Y,2,0,1,2,A,-,09,21802,A,N,D,C,A,A,H,-,A,A,0,,,Y,,Y,,A,07,1,0,0,0,0,0,0,0,1,"- ","- ",37.716670989990234,-120.44441986083984,TUOLUMNE,UNINCORPORATED,-120.44434356689453,37.716758728027344
91550486,2021,2021-08-20,9425,2021-07-30,0535,014853,,5,3,9,5500,0,1,3,,2,013,SR-49,SR-120,2112.00,N,N,A,-,Y,,,49,,,,,,,N,2,0,1,1,A,-,01,23152,A,N,E,8,A,A,H,-,A,D,0,,,,,Y,Y,A,01,1,0,0,0,0,0,0,0,0,"- ","- ",37.879688262939453,-120.43653869628906,TUOLUMNE,UNINCORPORATED,-120.43642425537109,37.879714965820312
91554399,2021,2021-09-09,9425,2021-08-20,1355,017461,,5,1,9,5500,0,1,3,,2,022,SR-49,"SHEPARDS RANCH",1056.00,N,N,A,-,N,,,49,,,,,,,Y,4,0,2,2,A,-,09,21804,A,N,D,C,A,A,H,-,A,D,0,,,,,Y,,A,01,0,0,2,0,0,0,0,0,0,"- ","- ",37.988960266113281,-120.44455718994141,TUOLUMNE,UNINCORPORATED,-120.44456481933594,37.98895263671875
91589742,2021,2021-10-06,9425,2021-10-04,0908,016921,,1,1,9,5500,0,1,3,,1,021,SR-108,"OLD WARDS FERRY ROAD",1056.00,E,N,A,-,Y,,,108,,,,,,,N,2,0,1,2,A,-,11,21954,A,N,G,B,D,A,H,-,A,D,0,Y,,,,Y,,N,60,1,0,0,0,1,0,0,0,0,"- ","- ",37.971908569335938,-120.36289978027344,TUOLUMNE,UNINCORPORATED,-120.36289215087891,37.971893310546875
91601354,2021,2021-10-20,9425,2021-10-08,2335,019489,,5,3,9,5500,0,3,5,,2,001,"CHICKEN RANCH ROAD","NELSON RD",410.00,W,N,A,-,N,,,,,,,,,,Y,3,0,3,1,A,-,08,22107,,N,E,I,A,A,H,-,D,D,0,,,,,Y,,A,07,0,3,0,0,0,0,0,0,0,"- ","- ",37.934181213378906,-120.44703674316406,TUOLUMNE,UNINCORPORATED,-120.44698333740234,37.934303283691406
91606407,2021,2021-10-26,9425,2021-10-21,1815,018559,,4,2,9,5500,0,2,4,,2,025,"PARROTTS FERRY RD","MCKELLAR DR",245.00,N,N,A,-,N,,,,,,,,,,N,3,0,1,2,A,-,09,21804,A,N,D,C,A,A,H,-,B,D,0,,,,,Y,,A,07,0,1,0,0,0,0,0,0,0,"- ","- ",38.023738861083984,-120.40206909179688,TUOLUMNE,UNINCORPORATED,-120.40097808837891,38.023654937744141
91613972,2021,2021-11-02,9425,2021-10-21,1320,014853,,4,1,9,5500,0,1,3,,2,022,SR-49,"SHAWS FLAT ROAD",10.00,S,N,A,-,Y,,,49,,,,,,,N,4,0,1,2,A,-,03,22350,,N,C,C,A,A,H,-,A,A,0,,,,,Y,,D,22,0,0,1,0,0,0,0,0,0,"- ","- ",38.011631011962891,-120.40390777587891,TUOLUMNE,UNINCORPORATED,-120.40390014648438,38.011604309082031
91616237,2021,2021-11-04,9425,2021-10-28,1635,018644,,4,2,9,5500,0,2,4,,2,026,"MONO WAY","E/B SR-108 TO MONO WAY OFF-RAMP",0.00,,Y,A,-,Y,,,,,,,,,,Y,4,0,3,2,A,-,12,21453,A,N,D,C,A,A,H,-,A,A,0,,,,,Y,,A,01,0,0,3,0,0,0,0,0,0,"- ","- ",37.976119995117188,-120.35674285888672,TUOLUMNE,UNINCORPORATED,,
91625625,2021,2021-11-16,9425,2021-11-07,1500,018559,,7,2,9,5500,0,3,5,,2,003,"COTTONWOOD RD","CHERRY LAKE RD",12144.00,S,N,A,-,N,,,,,,,,,,Y,3,0,1,1,A,-,01,23152,A,N,F,I,A,A,H,-,A,D,0,,,,,Y,Y,A,07,0,1,0,0,0,0,0,0,0,"- ","- ",37.984779357910156,-119.93746948242188,TUOLUMNE,UNINCORPORATED,-119.92064666748047,37.976451873779297
91647677,2021,2021-12-09,9425,2021-11-12,0755,018822,,5,1,9,5500,0,3,5,,2,003,"DODGE RIDGE ROAD","PINECREST LAKE RD",16368.00,W,N,A,-,N,,,,,,,,,,N,4,0,1,1,A,-,08,22107,,N,E,I,A,A,H,-,A,D,0,,,,,Y,,D,22,0,0,1,0,0,0,0,0,0,"- ","- ",38.189380645751953,-119.96156311035156,TUOLUMNE,UNINCORPORATED,-120.00234985351562,38.188919067382812
91673792,2022,2022-01-07,9425,2022-01-02,1330,017822,,7,1,9,5500,0,3,5,,2,003,"STATE ROUTE 108","UPPER MONO WAY",0.00,,Y,A,-,Y,TUO,,108,,R,5.502,H,,R,Y,4,0,1,3,A,-,03,22350,,N,C,C,A,A,H,-,A,D,0,,,,,Y,,A,07,0,0,1,0,0,0,0,0,0,"- ","- ",37.981960296630859,-120.29920196533203,TUOLUMNE,UNINCORPORATED,-120.29920196533203,37.981998443603516
91678726,2022,2022-01-14,9425,2022-01-07,1735,018559,,5,2,9,5500,0,3,5,,2,003,"PARKRIDGE AVE","MOURNING DOVE COURT",285.00,E,N,E,-,N,,,,,,,,,,Y,4,0,2,1,A,-,08,22107,,N,F,A,A,B,H,-,D,D,0,,,,,Y,,D,22,0,0,2,0,0,0,0,0,0,"- ","- ",38.004150390625,-120.28398895263672,TUOLUMNE,UNINCORPORATED,-120.28396606445312,38.004158020019531
91692044,2022,2022-02-02,9425,2022-01-22,1500,017461,,6,2,9,5500,0,1,3,,2,013,SR-49,"RAWHIDE ROAD",40.00,N,N,A,-,Y,TUO,,49,,,14.759,H,,R,Y,3,0,6,3,A,-,03,22350,,N,C,C,A,A,H,-,A,D,0,,,,,Y,,A,07,0,6,0,0,0,0,0,0,0,"- ","- ",37.956218719482422,-120.42243957519531,TUOLUMNE,UNINCORPORATED,-120.42239379882812,37.956165313720703
91707674,2022,2022-02-24,9425,2022-02-08,1305,014853,,2,1,9,5500,0,2,4,,2,025,SR-49,"OLD SONORA COLUMBIA ROAD",372.00,N,N,A,-,Y,TUO,,49,,,20.153,H,,R,Y,3,0,3,3,A,-,03,22350,,N,C,C,A,A,D,-,A,A,0,,,,,Y,,A,01,0,1,2,0,0,0,0,0,0,"- ","- ",38.011920928955078,-120.39251708984375,TUOLUMNE,UNINCORPORATED,-120.39253234863281,38.011909484863281
91710140,2022,2022-02-25,9425,2022-02-16,1700,017822,,3,2,9,5500,0,3,5,,2,002,"STATE ROUTE 108","OLD WARDS FERRY O/C",45.00,E,N,A,-,Y,TUO,,108,,R,1.581,H,,R,N,4,0,1,2,A,-,03,22350,,N,C,C,A,A,H,-,A,D,0,,,,,Y,,A,01,0,0,1,0,0,0,0,0,0,"- ","- ",37.970630645751953,-120.36681365966797,TUOLUMNE,UNINCORPORATED,-120.36681365966797,37.97064208984375
91718226,2022,2022-03-08,9425,2022-02-25,1715,018559,,5,2,9,5500,0,1,3,,1,021,SR-108,"PEACEFUL OAK RD",140.00,W,N,A,-,Y,TUO,,108,,R,4.474,H,,R,Y,3,0,2,2,A,-,05,21460,A,N,A,C,A,A,H,-,A,D,0,,,,Y,Y,,A,07,0,1,1,0,0,0,0,0,0,"- ","- ",37.980510711669922,-120.31771087646484,TUOLUMNE,UNINCORPORATED,-120.31771087646484,37.980503082275391
91735960,2021,2022-03-29,9425,2021-07-02,1625,019657,,5,2,9,5500,0,3,5,,2,001,"RAWHIDE RD","PULPIT ROCK RD",1385.00,N,N,A,-,N,,,,,,,,,,Y,1,1,1,1,A,-,01,23152,F,N,E,I,A,A,H,-,A,D,0,,,,,Y,,A,01,1,0,0,0,0,0,0,0,0,"- ","- ",37.960720062255859,-120.42542266845703,TUOLUMNE,UNINCORPORATED,-120.42533874511719,37.960540771484375
91747292,2022,2022-04-13,9425,2022-04-01,0950,014853,,5,1,9,5500,0,3,5,,2,001,"CAMPO SECO ROAD","CAMPBELLS FLAT ROAD",0.00,,Y,A,-,N,,,,,,,,,,N,4,0,1,2,A,-,03,22350,,N,C,C,A,A,H,-,A,A,0,,,,,Y,,A,01,0,0,1,0,0,0,0,0,0,"- ","- ",37.951641082763672,-120.39788818359375,TUOLUMNE,UNINCORPORATED,-120.391845703125,37.951595306396484
91752458,2022,2022-04-20,9425,2022-03-26,2230,019657,,6,3,9,5500,0,3,5,,2,002,"SAWMILL FLAT ROAD","COLUMBIA COLLEGE DRIVE",1200.00,S,N,A,-,N,,,,,,,,,,N,3,0,1,1,A,-,01,23152,A,N,E,I,A,A,H,-,D,D,0,,,,,Y,Y,A,07,0,1,0,0,0,0,0,0,0,"- ","- ",38.023529052734375,-120.38002014160156,TUOLUMNE,UNINCORPORATED,-120.37998962402344,38.023616790771484
91758681,2022,2022-04-28,9425,2022-04-19,1055,019785,,2,1,9,5500,0,2,4,,2,026,"MONO WAY","WESTBOUND STATE ROUTE 108 FROM MONO WAY",0.00,,Y,A,-,N,,,,,,,,,,Y,4,0,1,2,A,-,09,21453,C,N,D,C,A,A,H,-,A,A,0,,,,,Y,,A,01,0,0,1,0,0,0,0,0,0,"- ","- ",37.976139068603516,-120.35903167724609,TUOLUMNE,UNINCORPORATED,-120.27965545654297,37.990234375
91759313,2022,2022-04-28,9425,2022-04-28,2500,014853,,4,4,9,5500,0,1,3,,2,011,SR-120,"RUSHING HILL LOOKOUT ROAD",3168.00,W,N,A,-,Y,TUO,,120,,R,4.548,H,,R,Y,3,0,1,1,A,-,08,22107,,N,F,A,A,A,H,-,D,D,0,,,,,Y,,D,22,0,1,0,0,0,0,0,0,0,"- ","- ",37.847419738769531,-120.57151031494141,TUOLUMNE,UNINCORPORATED,-120.57154083251953,37.847217559814453
91773847,2022,2022-05-17,9425,2022-02-14,0645,019785,,1,1,9,5500,0,1,3,,2,013,"STATE ROUTE 49","CHICKEN RANCH ROAD",0.00,,Y,A,-,Y,TUO,,49,,,12.820,H,,R,Y,1,1,1,2,A,-,09,21802,A,N,D,C,A,A,H,-,A,A,0,,,,,Y,,A,01,0,0,1,0,0,0,0,0,0,"- ","- ",37.935108184814453,-120.44317626953125,TUOLUMNE,UNINCORPORATED,-120.44315338134766,37.935092926025391
91779029,2022,2022-05-24,9425,2022-05-13,1716,016886,,5,2,9,5500,0,1,3,,2,041,"STATE ROUTE 120","PRIEST COULTERVILLE ROAD",5280.00,W,N,A,-,Y,TUO,,120,,,28.212,H,,R,N,3,0,1,1,A,-,08,22107,,N,F,A,A,A,H,-,A,D,0,,,Y,,Y,,C,02,0,1,0,0,0,0,0,0,1,"- ","- ",37.823848724365234,-120.27732849121094,TUOLUMNE,UNINCORPORATED,-120.27734375,37.823806762695312
91787286,2022,2022-06-02,9425,2022-05-22,1105,018559,,7,1,9,5500,0,1,3,,2,013,SR-49,"FIFTH AVE",150.00,S,N,A,-,Y,TUO,,49,,,14.973,H,,R,N,3,0,6,4,A,-,03,22350,,N,C,C,A,A,H,-,A,A,0,,,,,Y,,E,22,0,5,1,0,0,0,0,0,0,"- ","- ",37.957901000976562,-120.419189453125,TUOLUMNE,UNINCORPORATED,-120.41912841796875,37.957828521728516
91792134,2022,2022-06-09,9425,2022-05-27,0508,019489,,5,3,2,5501,0,1,3,,2,012,SR108,SR49,530.00,W,N,A,-,Y,TUO,,108,,L,2.699,H,,R,N,2,0,2,2,A,-,05,21651,B,N,A,C,A,A,H,-,B,D,0,,,,,Y,,A,07,1,1,0,0,0,0,0,0,0,"- ","- ",37.917911529541016,-120.45308685302734,TUOLUMNE,SONORA,-120.45308685302734,37.917903900146484
91821529,2022,2022-07-20,9425,2022-03-06,1550,018822,,7,2,9,5500,0,3,5,,2,002,"SUNNY CIRCLE","HILLSDALE DRIVE",500.00,S,N,A,-,N,,,,,,,,,,Y,3,0,1,1,A,-,01,23152,A,N,E,I,A,A,H,-,A,D,0,,,,,Y,Y,A,01,0,1,0,0,0,0,0,0,0,"- ","- ",37.970310211181641,-120.32717132568359,TUOLUMNE,UNINCORPORATED,-120.32673645019531,37.9713134765625
91821537,2022,2022-07-20,9425,2022-07-17,1455,018559,,7,2,9,5500,0,3,5,,2,002,"PARROTTS FERRY RD","SAWMILL FLAT RD",190.00,N,N,A,-,N,,,,,,,,,,Y,3,0,2,1,A,-,08,22107,,N,F,A,A,A,H,-,A,D,0,,,,,Y,,A,01,0,1,1,0,0,0,0,0,0,"- ","- ",38.018848419189453,-120.39633178710938,TUOLUMNE,UNINCORPORATED,-120.39619445800781,38.018787384033203
91826025,2021,2022-07-27,9425,2021-11-14,0230,018251,,7,3,9,5500,0,1,3,,2,011,"STATE ROUTE 120","GREEN SPRINGS ROAD",3168.00,W,N,E,-,Y,,,120,,,,,,,Y,1,1,0,1,A,-,01,23152,A,N,E,I,A,A,H,-,D,D,0,,,,,Y,Y,A,01,0,0,0,0,0,0,0,0,0,"- ","- ",37.843379974365234,-120.53295135498047,TUOLUMNE,UNINCORPORATED,-120.53294372558594,37.843418121337891
91838979,2022,2022-08-12,9425,2022-02-25,1840,017461,,5,2,9,5500,0,1,3,,2,013,SR-49,"MAIN ST",395.00,N,N,A,-,Y,TUO,,49,,,14.482,H,,R,N,1,1,0,2,A,-,11,21954,A,N,G,B,D,A,H,-,D,D,0,Y,,,,Y,Y,N,60,0,0,0,1,0,0,0,0,0,"- ","- ",37.952590942382812,-120.42471313476562,TUOLUMNE,UNINCORPORATED,-120.42471313476562,37.952590942382812
91840265,2022,2022-08-15,9425,2022-07-27,2030,019287,,3,2,9,5500,0,3,5,,2,003,"NORTH SUNSHINE RD","SOULSBYVILLE RD",0.00,,Y,A,-,N,,,,,,,,,,Y,3,0,1,2,A,-,12,22450,A,N,D,C,A,A,H,-,A,A,0,,,,,Y,,A,01,0,1,0,0,0,0,0,0,0,"- ","- ",37.997898101806641,-120.27015686035156,TUOLUMNE,UNINCORPORATED,-120.27016448974609,37.997947692871094
91845446,2022,2022-08-22,9425,2022-08-08,1520,019489,,1,2,9,5500,0,1,3,,1,021,"SR-108 TO MONO WAY","MONO WAY",199.00,E,N,A,-,Y,,,,,,,,,,Y,3,0,1,1,A,-,08,22107,,N,F,A,A,A,H,-,A,D,0,,,,,Y,,D,22,0,1,0,0,0,0,0,0,0,"- ","- ",37.976898193359375,-120.35855102539062,TUOLUMNE,UNINCORPORATED,-120.35855102539062,37.976898193359375
91845454,2022,2022-09-19,9425,2022-08-09,1730,018559,,2,2,9,5500,0,3,5,,2,003,"CRYSTAL FALLS DR","BEAR RIVER DR",60.00,S,N,A,-,N,,,,,,,,,,N,4,0,2,2,A,-,05,21460,A,N,B,C,A,A,H,-,A,D,0,,,,Y,Y,,G,25,0,0,2,0,0,0,0,0,0,"- ","- ",38.010501861572266,-120.27086639404297,TUOLUMNE,UNINCORPORATED,-120.27083587646484,38.010517120361328
91847829,2022,2022-08-24,9425,2022-08-13,2120,019918,,6,2,9,5500,0,1,3,,2,041,SR-120,"EAST RIVER ROAD",1056.00,E,N,A,-,Y,TUO,,120,,,26.050,H,,R,N,2,0,1,1,A,-,08,22107,,N,F,A,A,A,H,-,D,D,0,,,Y,,Y,,C,02,1,0,0,0,0,0,0,0,1,"- ","- ",37.819850921630859,-120.29868316650391,TUOLUMNE,UNINCORPORATED,-120.29848480224609,37.819911956787109
91854703,2022,2022-08-31,9425,2022-08-20,2009,019489,,6,2,9,5500,0,1,3,,2,013,SR-49,"RAWHIDE ROAD",127.00,S,N,A,-,Y,TUO,,49,,,14.711,H,,R,Y,4,0,1,2,A,-,09,21801,A,N,D,C,A,A,H,-,C,D,0,,,Y,,Y,,A,01,0,0,1,0,0,0,0,0,1,"- ","- ",37.955760955810547,-120.42314910888672,TUOLUMNE,UNINCORPORATED,-120.42310333251953,37.955718994140625
91855554,2022,2022-09-01,9425,2022-08-23,0225,016812,,2,3,9,5500,0,1,3,,2,013,SR-49,"SIERRA ROCK RD",30.00,S,N,A,-,Y,TUO,,49,,,12.125,H,,R,Y,2,0,1,1,A,-,08,22107,,N,F,0,A,A,D,-,D,A,0,,,Y,,Y,Y,C,02,1,0,0,0,0,0,0,0,1,"- ","- ",37.925628662109375,-120.44651031494141,TUOLUMNE,UNINCORPORATED,-120.44644927978516,37.925613403320312
91855625,2022,2022-09-01,9425,2022-08-23,1348,014853,,2,1,9,5500,0,3,5,,1,005,"HARPER ROAD","BLACK ROAD",2112.00,S,N,A,-,N,,,,,,,,,,Y,2,0,2,2,A,-,17,21662,A,N,A,C,A,A,H,-,A,D,0,,,Y,,Y,,C,02,1,0,1,0,0,0,0,0,1,"- ","- ",37.822391510009766,-120.24932098388672,TUOLUMNE,UNINCORPORATED,-120.25457000732422,37.824008941650391
91868747,2022,2022-09-20,9425,2022-09-15,2113,019918,,4,2,9,5500,0,3,5,,1,005,"LAREDO DRIVE","BANDERILLA DRIVE",0.00,,Y,A,-,N,,,,,,,,,,Y,3,0,1,1,A,-,03,22350,,N,E,I,A,A,H,-,D,D,0,,,,,Y,,D,22,0,1,0,0,0,0,0,0,0,"- ","- ",37.647388458251953,-120.33129119873047,TUOLUMNE,UNINCORPORATED,-120.33125305175781,37.647430419921875
91896433,2022,2022-10-21,9425,2022-10-17,1625,017822,,1,2,9,5500,0,1,3,,2,031,"STATE ROUTE 108","SNOWHITE RIDGE DR",215.00,W,N,A,-,Y,,,,,,,,,,Y,4,0,1,1,A,-,08,22107,,N,F,A,A,A,H,-,A,D,0,,,,,Y,,A,07,0,0,1,0,0,0,0,0,0,"- ","- ",38.234901428222656,-122.08380126953125,TUOLUMNE,UNINCORPORATED,-120.07367706298828,38.148200988769531
91899928,2022,2022-10-26,9425,2022-10-16,1540,019918,,7,2,9,5500,0,3,5,,1,004,"PRIEST COULTERVILLE RD",SR-120,13728.00,S,N,A,-,N,,,,,,,,,,Y,3,0,2,1,A,-,08,22107,,N,E,I,A,A,H,-,A,D,0,,,,,Y,,A,07,0,1,1,0,0,0,0,0,0,"- ","- ",37.785999298095703,-120.24307250976562,TUOLUMNE,UNINCORPORATED,-120.24413299560547,37.789493560791016
91900872,2022,2022-10-27,9425,2022-10-15,1015,016886,,6,1,9,5500,0,1,3,,1,043,"STATE ROUTE 49","TUOLUMNE/MARIPOSA COUNTY LINE",3168.00,N,N,A,-,Y,TUO,,49,,,0.647,H,,R,N,3,0,1,1,A,-,08,22107,,N,E,I,A,A,H,-,A,D,0,,,Y,,Y,,C,02,0,1,0,0,0,0,0,0,1,"- ","- ",37.758399963378906,-120.25099945068359,TUOLUMNE,UNINCORPORATED,-120.25102996826172,37.758365631103516
91911441,2022,2022-11-07,9425,2022-10-30,0848,016921,,7,1,9,5500,0,3,5,,2,003,"HUNTS ROAD","PLATEAU ROAD",1056.00,S,N,A,-,N,,,,,,,,,,Y,3,0,1,1,A,-,08,22107,,N,E,I,A,A,H,-,A,D,0,,,,,Y,,A,01,0,1,0,0,0,0,0,0,0,"- ","- ",38.018589019775391,-120.24897003173828,TUOLUMNE,UNINCORPORATED,-120.24896240234375,38.018516540527344
91915273,2022,2022-11-10,9425,2022-11-07,1350,018251,,1,1,9,5500,0,1,3,,2,013,"STATE ROUTE 49","WOODS WAY",225.00,N,N,B,-,Y,TUO,,49,,,14.116,H,,R,Y,4,0,2,2,A,-,03,22350,,N,C,C,A,A,H,-,A,D,0,,,,,Y,,D,22,0,0,2,0,0,0,0,0,0,"- ","- ",37.947620391845703,-120.42585754394531,TUOLUMNE,UNINCORPORATED,-120.42584228515625,37.947616577148438
91936760,2022,2022-12-07,9425,2022-11-29,1630,018559,,2,2,9,5500,0,3,5,,1,005,"BANDERILLA DR","VILLAREAL DR",0.00,,Y,A,-,N,,,,,,,,,,Y,4,0,2,2,A,-,09,21802,A,N,A,C,A,A,H,-,A,A,0,,,,,Y,,A,01,0,0,2,0,0,0,0,0,0,"- ","- ",37.656158447265625,-120.34854125976562,TUOLUMNE,UNINCORPORATED,-120.34857177734375,37.656154632568359
91936764,2022,2022-12-07,9425,2022-11-26,1145,017822,,6,1,9,5500,0,1,3,,2,011,"STATE ROUTE 120","OLD PRIEST GRD",5280.00,W,N,A,-,Y,TUO,,120,,,28.342,H,,R,Y,3,0,1,1,A,-,08,22107,,N,F,A,A,A,H,-,A,D,0,,,,,Y,,A,07,0,1,0,0,0,0,0,0,0,"- ","- ",37.822650909423828,-120.27632141113281,TUOLUMNE,UNINCORPORATED,-120.27631378173828,37.822551727294922
91941324,2022,2022-12-13,9425,2022-11-30,1220,014853,,3,1,9,5500,0,2,4,,2,023,"PHOENIX LAKE ROAD","SILVER DAWN DRIVE",1056.00,W,N,A,-,N,,,,,,,,,,Y,3,0,2,2,A,-,09,21801,A,N,A,C,A,A,H,-,A,D,0,,,,,Y,,A,07,0,1,1,0,0,0,0,0,0,"- ","- ",37.997089385986328,-120.31820678710938,TUOLUMNE,UNINCORPORATED,-120.32515716552734,37.995090484619141
91942627,2022,2022-12-14,9425,2022-12-08,1445,017822,,4,2,9,5500,0,2,4,,2,034,"TUOLUMNE ROAD","MORRIS ROAD",1584.00,W,N,A,-,N,,,,,,,,,,Y,4,0,1,3,A,-,03,22350,,N,C,C,A,A,H,-,A,D,0,,,,,Y,,A,07,0,0,1,0,0,0,0,0,0,"- ","- ",37.957920074462891,-120.29979705810547,TUOLUMNE,UNINCORPORATED,-120.29294586181641,37.962230682373047
91949457,2022,2022-12-22,9425,2022-12-18,1205,016540,,7,1,9,5500,0,3,5,,2,003,"EAST AVE","TUOLUMNE RD NORTH",55.00,N,N,A,-,N,,,,,,,,,,Y,3,0,2,2,A,-,08,22107,,N,A,C,A,A,B,-,A,D,0,,,,,Y,,A,07,0,1,1,0,0,0,0,0,0,"- ","- ",38.033958435058594,-120.22268676757812,TUOLUMNE,UNINCORPORATED,-120.22265625,38.033885955810547
91953338,2022,2022-12-27,9425,2022-12-22,1345,016886,,4,1,9,5500,0,1,3,,2,013,"STATE ROUTE 49","RAWHIDE ROAD",10.00,S,N,B,-,Y,TUO,,49,,,14.731,H,,R,Y,3,0,4,5,A,-,05,21752,D,N,B,C,A,A,H,-,A,A,0,,,,,Y,,D,22,0,2,2,0,0,0,0,0,0,"- ","- ",37.955940246582031,-120.42283630371094,TUOLUMNE,UNINCORPORATED,-120.42282104492188,37.955921173095703
91953441,2022,2022-12-27,9425,2022-11-10,1750,020575,,4,2,9,5500,0,3,5,,2,001,"CAMPO SECO ROAD","CAMPBELLS FLAT RD",746.00,W,N,A,-,N,,,,,,,,,,Y,4,0,1,4,A,-,05,21460,A,M,B,C,A,A,H,-,D,D,0,,,,,Y,Y,A,01,0,0,1,0,0,0,0,0,0,"- ","- ",37.95111083984375,-120.39302062988281,TUOLUMNE,UNINCORPORATED,-120.39424896240234,37.950942993164062
91954111,2022,2022-12-28,9425,2022-08-05,0515,020575,,5,3,9,5500,0,2,4,,2,014,"LA GRANGE ROAD","STATE ROUTE 108",189.00,S,N,B,C,Y,,,,,,,,,,Y,1,1,0,1,A,-,08,22107,,N,E,I,A,B,H,-,D,D,0,,,,,Y,Y,D,22,0,0,0,0,0,0,0,0,0,"- ","- ",37.842708587646484,-120.50778961181641,TUOLUMNE,UNINCORPORATED,-120.50772094726562,37.842922210693359
91980285,2023,2024-02-15,9425,2023-01-20,"515 ",018644,,5,3,9,5500,0,1,3,,2,011,SR-120,"GREEN SPRINGS RD",2640.00,E,N,A,-,Y,TUO,,120," "," ",7.685,H,,R,Y,3,0,1,1,A,-,08,22107,,N,F,A,A,C,H,-,D,D,0,,,,,Y,,A,01,0,1,0,0,0,0,0,0,0,"- ","- ",37.841030120849609,-120.51644897460938,TUOLUMNE,UNINCORPORATED,-120.51644897460938,37.840972900390625
91991762,2023,2023-02-10,9425,2023-02-02,"908 ",014853,,4,1,9,5500,0,3,5,,2,001,"O'BYRNES FERRY ROAD","OLD O'BYRNES FERRY ROAD",1056.00,N,N,A,-,N,,,,,,,,,,Y,4,0,1,1,A,-,08,22107,,N,E,I,A,A,H,-,A,D,0,,,,,Y,,A,01,0,0,1,0,0,0,0,0,0,"- ","- ",37.898189544677734,-120.56606292724609,TUOLUMNE,UNINCORPORATED,-120.56635284423828,37.897632598876953
91995973,2023,2023-02-16,9425,2023-02-07,"755 ",016540,,2,1,9,5500,0,1,3,,2,031,SR-108,"POKIE DR",0.00,,Y,A,-,Y,TUO,,108," "," ",8.936,H,,R,Y,4,0,2,1,A,-,03,22350,,N,E,8,A,C,H,-,A,D,0,,,,,Y,,D,22,0,0,2,0,0,0,0,0,0,"- ","- ",38.012691497802734,-120.25264739990234,TUOLUMNE,UNINCORPORATED,-120.25273132324219,38.012725830078125
91998921,2023,2023-02-21,9425,2023-02-15,1455,018251,,3,2,9,5500,0,1,3,,2,031,"STATE ROUTE 108","BARNWOOD COURT",197.00,E,N,A,-,Y,TUO,,108," "," ",6.072,H,,R,Y,3,0,2,2,A,-,05,21460,A,N,B,C,A,A,H,-,A,D,0,,,,,Y,,A,01,0,2,0,0,0,0,0,0,0,"- ","- ",37.985530853271484,-120.28939056396484,TUOLUMNE,UNINCORPORATED,-120.28936004638672,37.985500335693359
92018901,2022,2023-04-21,9425,2022-12-29,1720,019287,,4,2,9,5500,0,1,3,,2,013,SR-49,"SMOKE ST",30.00,N,N,B,C,Y,TUO,,49,,,14.623,H,,R,Y,4,0,1,2,A,-,09,21804,A,F,D,C,A,B,H,-,B,D,0,,,,,Y,,A,07,0,0,1,0,0,0,0,0,0,"- ","- ",37.954658508300781,-120.42413330078125,TUOLUMNE,UNINCORPORATED,-120.42413330078125,37.954658508300781
92043125,2023,2023-04-12,9425,2023-03-31,1105,019773,,5,1,9,5500,0,1,3,,2,013,SR-49,"WOODS WAY",46.00,N,N,A,-,Y,TUO,,49," "," ",14.083,H,,R,N,4,0,1,3,A,-,03,22350,,N,C,C,A,A,H,-,A,D,0,,,,,Y,,A,01,0,0,1,0,0,0,0,0,0,"- ","- ",37.947170257568359,-120.42606353759766,TUOLUMNE,UNINCORPORATED,-120.42603302001953,37.947162628173828