CASE_ID,ACCIDENT_YEAR,PROC_DATE,JURIS,COLLISION_DATE,COLLISION_TIME,OFFICER_ID,REPORTING_DISTRICT,DAY_OF_WEEK,CHP_SHIFT,POPULATION,CNTY_CITY_LOC,SPECIAL_COND,BEAT_TYPE,CHP_BEAT_TYPE,CITY_DIVISION_LAPD,CHP_BEAT_CLASS,BEAT_NUMBER,PRIMARY_RD,SECONDARY_RD,DISTANCE,DIRECTION,INTERSECTION,WEATHER_1,WEATHER_2,STATE_HWY_IND,CALTRANS_COUNTY,CALTRANS_DISTRICT,STATE_ROUTE,ROUTE_SUFFIX,POSTMILE_PREFIX,POSTMILE,LOCATION_TYPE,RAMP_INTERSECTION,SIDE_OF_HWY,TOW_AWAY,COLLISION_SEVERITY,NUMBER_KILLED,NUMBER_INJURED,PARTY_COUNT,PRIMARY_COLL_FACTOR,PCF_CODE_OF_VIOL,PCF_VIOL_CATEGORY,PCF_VIOLATION,PCF_VIOL_SUBSECTION,HIT_AND_RUN,TYPE_OF_COLLISION,MVIW,PED_ACTION,ROAD_SURFACE,ROAD_COND_1,ROAD_COND_2,LIGHTING,CONTROL_DEVICE,CHP_ROAD_TYPE,PEDESTRIAN_ACCIDENT,BICYCLE_ACCIDENT,MOTORCYCLE_ACCIDENT,TRUCK_ACCIDENT,NOT_PRIVATE_PROPERTY,ALCOHOL_INVOLVED,STWD_VEHTYPE_AT_FAULT,CHP_VEHTYPE_AT_FAULT,COUNT_SEVERE_INJ,COUNT_VISIBLE_INJ,COUNT_COMPLAINT_PAIN,COUNT_PED_KILLED,COUNT_PED_INJURED,COUNT_BICYCLIST_KILLED,COUNT_BICYCLIST_INJURED,COUNT_MC_KILLED,COUNT_MC_INJURED,PRIMARY_RAMP,SECONDARY_RAMP,LATITUDE,LONGITUDE,COUNTY,CITY,POINT_X,POINT_Y
92086376,2023,2023-06-05,9425,2023-05-19,1713,019918,,5,2,9,5500,0,1,3,,2,022,SR-49,"TUTTLETOWN SCHOOL RD",535.00,N,N,A,-,Y,TUO,,49," "," ",24.603,H,,R,Y,2,0,2,2,A,-,09,21804,A,N,D,C,A,A,H,-,A,D,0,,,,,Y,,D,22,1,1,0,0,0,0,0,0,0,"- ","- ",37.991790771484375,-120.45810699462891,TUOLUMNE,UNINCORPORATED,-120.45811462402344,37.991775512695312
92090460,2023,2024-06-27,9425,2023-05-11,1708,019287,,4,2,9,5500,0,1,3,,2,031,SR-108,"DRAPER MINE RD",483.00,W,N,A,-,Y,TUO,,108," "," ",6.164,H,,R,Y,1,1,2,3,A,-,01,23152,A,N,C,2,A,A,H,-,A,D,0,,,,,Y,Y,D,22,0,0,2,0,0,0,0,0,0,"- ","- ",37.986141204833984,-120.28787994384766,TUOLUMNE,UNINCORPORATED,-120.28787231445312,37.986122131347656
92095169,2023,2023-06-15,9425,2023-06-08,1930,017822,,4,2,9,5500,0,3,5,,2,003,"DODGE RIDGE RD","CRESTVIEW AVE",1056.00,E,N,A,-,N,,,,,,,,,,N,4,0,1,1,A,-,08,22107,,N,E,I,A,A,H,-,A,D,0,,,,,Y,,A,07,0,0,1,0,0,0,0,0,0,"- ","- ",38.187770843505859,-119.98709106445312,TUOLUMNE,UNINCORPORATED,-119.98706817626953,38.1865234375
92095885,2022,2023-06-16,9425,2022-09-25,1605,020575,,7,2,9,5500,0,1,3,,2,011,SR-120,SR-108,0.00,,Y,A,-,Y,TUO,,120,,,12.058,H,,R,Y,1,1,0,2,A,-,01,23152,G,N,C,C,A,A,H,-,A,A,0,,,Y,,Y,Y,C,02,0,0,0,0,0,0,0,1,0,"- ","- ",37.891040802001953,-120.48857116699219,TUOLUMNE,UNINCORPORATED,-120.48861694335938,37.891120910644531
92098887,2023,2023-06-21,9425,2023-06-09,1410,019287,,5,2,9,5500,0,1,3,,2,031,SR-108,"MONO WAY",340.00,E,N,A,-,Y,TUO,,108," ",R,5.643,H,,R,Y,4,0,1,3,A,-,03,22350,,N,C,C,A,A,H,-,A,D,0,,,,,Y,,A,01,0,0,1,0,0,0,0,0,0,"- ","- ",37.982009887695312,-120.29665374755859,TUOLUMNE,UNINCORPORATED,-120.29665374755859,37.981945037841797
92104265,2023,2023-06-28,9425,2023-06-17,1950,019918,,6,2,9,5500,0,2,4,,2,014,"LA GRANGE RD","OLD DON PEDRO RD",16896.00,S,N,A,-,N,,,,,,,,,,Y,3,0,1,1,A,-,03,22350,,N,F,A,A,A,H,-,A,D,0,,,Y,,Y,,C,02,0,1,0,0,0,0,0,0,1,"- ","- ",37.780651092529297,-120.46558380126953,TUOLUMNE,UNINCORPORATED,-120.46501159667969,37.781486511230469
92116868,2023,2023-07-14,9425,2023-07-06,"430 ",019773,,4,3,9,5500,0,1,3,,2,013,SR-49,"RAWHIDE RD",84.00,S,N,A,-,Y,TUO,,49," "," ",14.718,H,,R,Y,3,0,2,2,A,-,01,23152,F,N,D,C,A,D,H,-,C,D,0,,,,,Y,,D,22,0,2,0,0,0,0,0,0,0,"- ","- ",37.955829620361328,-120.42304229736328,TUOLUMNE,UNINCORPORATED,-120.42300415039062,37.955799102783203
92120219,2023,2023-07-18,9425,2023-07-03,1645,019489,,1,2,9,5500,0,1,3,,2,011,"STATE ROUTE 108","O'BYRNES FERRY ROAD",1182.00,W,N,A,-,Y,TUO,,120," "," ",11.137,H,,R,Y,3,0,1,2,A,-,08,22107,,N,B,C,A,A,H,-,A,D,0,,,,Y,Y,,A,01,0,1,0,0,0,0,0,0,0,"- ","- ",37.883110046386719,-120.502197265625,TUOLUMNE,UNINCORPORATED,-120.50221252441406,37.883125305175781
92130778,2023,2023-07-28,9425,2023-07-22,"955 ",018251,,6,1,9,5500,0,1,3,,2,011,"STATE ROUTE 120",J-59,6864.00,E,N,A,-,Y,TUO,,120," "," ",9.488,H,,R,Y,2,0,4,2,A,-,09,21804,A,N,D,C,A,A,H,-,A,D,0,,,,,Y,,A,01,1,0,3,0,0,0,0,0,0,"- ","- ",37.861259460449219,-120.51193237304688,TUOLUMNE,UNINCORPORATED,-120.51194000244141,37.861259460449219
92130981,2023,2023-07-28,9425,2023-07-23,"620 ",018251,,7,1,9,5500,0,3,5,,1,004,"FERRETTI RD","PINE MOUNTAIN DR",1056.00,S,N,A,-,N,,,,,,,,,,N,2,0,2,1,A,-,08,22107,,N,F,A,A,A,H,-,C,D,0,,,Y,,Y,,C,02,1,1,0,0,0,0,0,0,2,"- ","- ",37.844921112060547,-120.22411346435547,TUOLUMNE,UNINCORPORATED,-120.22396087646484,37.845096588134766
92135357,2023,2023-08-03,9425,2023-08-01,"730 ",018644,,2,1,9,5500,0,3,5,,2,002,"BIG HILL RD","UPPER SHALE ROCK RD",220.00,N,N,A,-,N,,,,,,,,,,Y,3,0,1,1,A,-,08,22107,,N,F,A,A,A,H,-,A,D,0,,,,,Y,,A,07,0,1,0,0,0,0,0,0,0,"- ","- ",38.03887939453125,-120.35546112060547,TUOLUMNE,UNINCORPORATED,,
92136182,2023,2023-08-04,9425,2023-07-21,"820 ",018821,,5,1,9,5500,0,3,5,,1,004,"EVERGREEN RD","FOREST SERVICE ROAD 01S32",1320.00,S,N,A,-,N,,,,,,,,,,N,4,0,1,1,A,-,03,22350,,N,E,I,A,A,A,-,A,D,0,,,Y,,Y,,C,02,0,0,1,0,0,0,0,0,1,"- ","- ",37.871589660644531,-119.86392211914062,TUOLUMNE,UNINCORPORATED,-119.86595916748047,37.814411163330078
92141646,2023,2023-08-11,9425,2023-08-01,"830 ",014853,,2,1,9,5500,0,1,3,,1,021,SR-108,"HESS AVENUE",1056.00,E,N,A,-,Y,TUO,,108," ",R,3.686,H,,R,Y,3,0,1,1,C,-,18,,,N,H,H,A,A,H,-,A,D,0,,,Y,,Y,,-,"- ",0,1,0,0,0,0,0,0,1,"- ","- ",37.981090545654297,-120.33203887939453,TUOLUMNE,UNINCORPORATED,-120.33203887939453,37.981086730957031
92154198,2023,2023-08-25,9425,2023-08-20,2055,019918,,7,2,9,5500,0,1,3,,2,022,SR-49,"TUTTLETOWN RD",210.00,S,N,B,-,Y,TUO,,49," "," ",24.779,H,,R,Y,4,0,1,1,A,-,03,22350,,N,E,I,A,A,H,-,C,D,0,,,,,Y,,A,01,0,0,1,0,0,0,0,0,0,"- ","- ",37.991371154785156,-120.46147155761719,TUOLUMNE,UNINCORPORATED,-120.46144866943359,37.991352081298828
92154247,2023,2023-08-25,9425,2023-08-18,2320,020575,,5,3,9,5500,0,1,3,,2,022,SR-49,"JACKASS HILL RD",90.00,S,N,A,-,Y,TUO,,49," "," ",25.803,H,,R,Y,4,0,1,1,A,-,08,22107,,N,F,A,A,A,H,-,D,D,0,,,,,Y,,A,01,0,0,1,0,0,0,0,0,0,"- ","- ",37.989891052246094,-120.47348022460938,TUOLUMNE,UNINCORPORATED,-120.47344970703125,37.989910125732422
92169021,2023,2023-09-13,9425,2023-09-05,2105,018251,,2,2,9,5500,0,1,3,,2,031,"STATE ROUTE 108","RIDGE TRAIL COURT",192.00,E,N,A,-,Y,TUO,,108," "," ",16.142,H,,R,Y,2,0,5,1,A,-,01,23152,A,N,E,I,A,A,H,-,D,D,0,,,,,Y,Y,A,01,1,3,1,0,0,0,0,0,0,"- ","- ",38.071468353271484,-120.1805419921875,TUOLUMNE,UNINCORPORATED,-120.18048858642578,38.071430206298828
92178333,2023,2023-09-25,9425,2023-09-23,1645,019287,,6,2,9,5500,0,3,5,,2,003,"SOUTH FORK RD","LONGEWAY RD",0.00,,Y,A,-,N,,,,,,,,,,Y,4,0,1,2,A,-,12,22450,A,N,A,C,A,A,H,-,A,A,0,,,,,Y,,A,01,0,0,1,0,0,0,0,0,0,"- ","- ",38.025749206542969,-120.25396728515625,TUOLUMNE,UNINCORPORATED,-120.25418090820312,38.026287078857422
92181520,2023,2023-09-27,9425,2023-09-21,1719,018251,,4,2,9,5500,0,1,3,,1,021,"SR 108 TO MONO WAY","MONO WAY",10.00,E,N,A,-,Y,,,,,,,,,,N,4,0,1,2,A,-,03,22350,,N,C,C,A,A,H,-,A,A,0,,,,,Y,,D,22,0,0,1,0,0,0,0,0,0,"- ","- ",37.976398468017578,-120.35899353027344,TUOLUMNE,UNINCORPORATED,-120.35899353027344,37.976398468017578
9219052,2020,2021-04-26,5501,2020-07-22,1258,JB2,5501,3,5,2,5501,0,0,0,,0,001,"SOUTH WASHINGTON ST","WILLIAM ST",0.00,,Y,A,-,N,,,,,,,,,,N,4,0,1,2,A,-,03,22350,,N,C,C,A,A,H,-,A,D,0,,,,,Y,,I,11,0,0,1,0,0,0,0,0,0,"- ","- ",37.979598999023438,-120.38141632080078,TUOLUMNE,SONORA,-120.38137817382812,37.979709625244141
92199854,2023,2023-10-16,9425,2023-10-02,"750 ",016540,,1,1,9,5500,0,2,4,,2,025,"PARROTTS FERRY ROAD","AIRPORT ROAD",930.00,N,N,A,-,N,,,,,,,,,,Y,4,0,1,2,A,-,09,21804,A,N,D,C,A,A,H,-,A,D,0,,,,,Y,,A,01,0,0,1,0,0,0,0,0,0,"- ","- ",38.030918121337891,-120.4061279296875,TUOLUMNE,UNINCORPORATED,-120.40610504150391,38.030818939208984
92204114,2023,2023-10-19,9425,2023-10-08,"935 ",016540,,7,1,9,5500,0,1,3,,2,031,SR-108,"BONANZA DR",81.00,E,N,A,-,Y,TUO,,108," "," ",16.626,H,,R,Y,2,0,2,2,A,-,05,21460,A,N,A,C,A,A,H,-,A,D,0,,,,,Y,,A,01,1,0,1,0,0,0,0,0,0,"- ","- ",38.074649810791016,-120.17286682128906,TUOLUMNE,UNINCORPORATED,-120.17286682128906,38.07464599609375
92204170,2023,2023-10-19,9425,2023-10-10,1010,014853,,2,1,9,5500,0,3,5,,2,001,"JACKSONVILLE ROAD",KARLEE,166.00,N,N,B,-,N,,,,,,,,,,N,3,0,1,1,A,-,08,22107,,N,E,I,A,B,H,-,A,D,0,,,,,Y,,A,01,0,1,0,0,0,0,0,0,0,"- ","- ",37.934059143066406,-120.42312622070312,TUOLUMNE,UNINCORPORATED,-120.42301177978516,37.933937072753906
92209716,2023,2023-10-26,9425,2023-10-16,2115,018559,,1,2,9,5500,0,1,3,,2,031,SR-108,"BALD MOUNTAIN HELIPORT RD",4752.00,E,N,A,-,Y,TUO,,108," "," ",24.920,H,,R,Y,3,0,1,1,A,-,08,22107,,N,E,I,A,A,H,-,D,D,0,,,,,Y,,J,43,0,1,0,0,0,0,0,0,0,"- ","- ",38.145618438720703,-120.08386993408203,TUOLUMNE,UNINCORPORATED,-120.08389282226562,38.145637512207031
92224384,2023,2023-10-31,9425,2023-10-21,2345,017708,,6,3,9,5500,0,3,5,,2,001,"JAMESTOWN RD","GOLF LINKS DR",528.00,S,N,A,-,N,,,,,,,,,,Y,3,0,1,1,A,-,08,22107,,N,E,I,A,A,H,-,D,D,0,,,,,Y,,D,22,0,1,0,0,0,0,0,0,0,"- ","- ",37.964889526367188,-120.41712188720703,TUOLUMNE,UNINCORPORATED,-120.41670227050781,37.965858459472656
92227680,2023,2023-11-03,9425,2023-11-01,"215 ",016812,,3,3,9,5500,0,3,5,,2,001,"SHELL RD","RAWHIDE RD",2640.00,S,N,A,-,N,,,,,,,,,,Y,4,0,1,1,A,-,08,22107,,N,F,A,A,A,H,-,D,D,0,,,,,Y,,D,22,0,0,1,0,0,0,0,0,0,"- ","- ",37.958488464355469,-120.45430755615234,TUOLUMNE,UNINCORPORATED,-120.45371246337891,37.958511352539062
92227693,2023,2023-11-03,9425,2023-10-31,1300,014853,,2,1,9,5500,0,3,5,,2,002,"GREENLEY ROAD","MORNING STAR DR",490.00,S,N,A,-,N,,,,,,,,,,N,4,0,1,2,A,-,09,21804,A,N,D,C,A,A,H,-,A,A,0,,,,,Y,,A,07,0,0,1,0,0,0,0,0,0,"- ","- ",37.984321594238281,-120.36686706542969,TUOLUMNE,UNINCORPORATED,-120.36690521240234,37.984333038330078
92231071,2023,2023-11-08,9425,2023-10-22,1900,021468,,7,2,9,5500,0,2,4,,2,014,"LA GRANGE ROAD","OLD DON PEDRO RD",15840.00,S,N,B,C,N,,,,,,,,,,Y,3,0,1,1,A,-,01,23152,A,M,F,0,A,B,H,-,D,D,0,,,,,Y,Y,A,01,0,1,0,0,0,0,0,0,0,"- ","- ",37.781818389892578,-120.46492004394531,TUOLUMNE,UNINCORPORATED,-120.46412658691406,37.784267425537109
92234734,2023,2023-11-13,9425,2023-11-03,2045,018644,,5,2,9,5500,0,3,5,,2,003,"BIG HILL RD","SIERRA GLEN",2112.00,E,N,A,-,N,,,,,,,,,,N,4,0,1,1,A,-,01,23152,A,N,E,I,A,A,H,-,D,D,0,,,,,Y,Y,A,01,0,0,1,0,0,0,0,0,0,"- ","- ",38.042919158935547,-120.29859924316406,TUOLUMNE,UNINCORPORATED,,
92238006,2023,2023-11-16,9425,2023-11-03,2135,019287,,5,2,9,5500,0,2,4,,2,026,"MONO WAY","HESS AVE",0.00,,Y,A,-,N,,,,,,,,,,Y,3,0,2,1,A,-,08,22107,,N,E,I,A,A,H,-,C,A,0,,,,,Y,,A,07,0,2,0,0,0,0,0,0,0,"- ","- ",37.978908538818359,-120.33561706542969,TUOLUMNE,UNINCORPORATED,-120.33538818359375,37.978828430175781
92249055,2023,2023-11-30,9425,2023-11-24,2030,019918,,5,2,9,5500,0,1,3,,2,013,SR-49,"5TH AVE",770.00,N,N,A,-,Y,TUO,,49," "," ",15.185,H,,R,N,4,0,2,2,A,-,03,22350,,N,C,C,A,A,H,-,C,D,0,,,,,Y,,D,22,0,0,2,0,0,0,0,0,0,"- ","- ",37.959609985351562,-120.41590118408203,TUOLUMNE,UNINCORPORATED,-120.41587829589844,37.959583282470703
92249997,2023,2023-12-01,9425,2023-11-28,1440,019489,,2,2,9,5500,0,1,3,,2,011,"STATE ROUTE 120","TULLOCH RD",2640.00,E,N,A,-,Y,TUO,,120," ",R,1.857,H,,L,Y,4,0,1,1,A,-,08,22107,,N,F,A,A,A,H,-,A,D,0,,,,,Y,,A,01,0,0,1,0,0,0,0,0,0,"- ","- ",37.843910217285156,-120.61940765380859,TUOLUMNE,UNINCORPORATED,-120.619384765625,37.843879699707031
92257550,2023,2023-12-08,9425,2023-12-06,2212,016812,,3,3,9,5500,0,3,5,,2,002,"COLUMBIA COLLEGE DR","SAWMILL FLAT RD",330.00,W,N,B,C,N,,,,,,,,,,Y,3,0,1,1,A,-,08,22107,,N,E,I,A,B,H,-,D,D,0,,,,,Y,,A,01,0,1,0,0,0,0,0,0,0,"- ","- ",38.027011871337891,-120.38002777099609,TUOLUMNE,UNINCORPORATED,-120.37994384765625,38.027019500732422
92262259,2023,2023-12-14,9425,2023-11-23,2218,018821,,4,3,9,5500,0,1,3,,2,011,SR-120,"TULLOCH DAM RD.",2640.00,E,N,A,-,Y,,,,,,,,,,Y,4,0,1,1,A,-,01,23152,A,N,D,I,A,A,H,-,D,D,0,,,,,Y,Y,A,01,0,0,1,0,0,0,0,0,0,"- ","- ",37.847160339355469,-120.60984039306641,TUOLUMNE,UNINCORPORATED,-120.60985565185547,37.846851348876953
92277803,2023,2024-01-03,9425,2023-12-18,1725,019489,,1,2,9,5500,0,2,4,,2,026,"MONO WAY","SR-108 FROM MONO WAY",0.00,,Y,B,-,Y,,,,,,,,,,Y,4,0,1,2,A,-,12,21453,A,N,D,C,A,A,H,-,C,A,0,,,,Y,Y,,A,01,0,0,1,0,0,0,0,0,0,"- ","- ",37.976139068603516,-120.35904693603516,TUOLUMNE,UNINCORPORATED,-120.27965545654297,37.990234375
92279740,2023,2024-01-04,9425,2023-12-29,1238,016921,,5,1,9,5500,0,2,4,,2,034,"TUOLUMNE ROAD","MORRIS ROAD",0.00,,Y,A,-,N,,,,,,,,,,Y,3,0,2,2,A,-,03,22350,,N,C,C,A,A,H,-,A,D,0,,,,,Y,,D,22,0,1,1,0,0,0,0,0,0,"- ","- ",37.963249206542969,-120.28762817382812,TUOLUMNE,UNINCORPORATED,-120.28777313232422,37.963222503662109
92283836,2024,2024-01-10,9425,2024-01-05,1645,019773,,5,2,9,5500,0,1,3,,2,011,"SR-120 W/B","TWO MILE BAR RD",1190.00,E,N,A,-,Y,TUO,,120," ",R,0.863,H,,L,Y,3,0,2,1,A,-,08,22107,,N,F,A,A,D,H,-,A,D,0,,,,,Y,,A,01,0,1,1,0,0,0,0,0,0,"- ","- ",37.832611083984375,-120.62962341308594,TUOLUMNE,UNINCORPORATED,-120.62960052490234,37.832595825195312
92283900,2024,2024-01-10,9425,2024-01-09,2125,021468,,2,2,9,5500,0,3,5,,2,001,"JAMESTOWN RD","WHISKEY CREEK ROAD",2112.00,S,N,B,-,N,,,,,,,,,,Y,4,0,1,1,A,-,08,22107,,N,E,I,A,B,H,-,D,D,0,,,,,Y,,A,01,0,0,1,0,0,0,0,0,0,"- ","- ",37.982189178466797,-120.41748809814453,TUOLUMNE,UNINCORPORATED,-120.41733551025391,37.981884002685547
92289380,2023,2024-01-17,9425,2023-12-27,1735,019287,,3,2,9,5500,0,1,3,,2,013,SR-49,"RAWHIDE RD",115.00,S,N,A,-,Y,TUO,,49," "," ",14.714,H,,R,Y,3,0,1,2,A,-,09,21804,A,N,D,C,A,A,H,-,A,A,0,,,,,Y,,D,22,0,1,0,0,0,0,0,0,0,"- ","- ",37.955741882324219,-120.42304229736328,TUOLUMNE,UNINCORPORATED,-120.42305755615234,37.955753326416016
92290620,2024,2024-01-18,9425,2024-01-11,1633,019489,,4,2,9,5500,0,1,3,,2,013,SR49,"5TH AVENUE",1500.00,N,N,A,-,Y,TUO,,49," "," ",15.415,H,,R,Y,4,0,4,2,A,-,03,22350,,N,C,C,A,A,H,-,A,D,0,,,,,Y,,A,01,0,0,4,0,0,0,0,0,0,"- ","- ",37.961460113525391,-120.41227722167969,TUOLUMNE,UNINCORPORATED,-120.41226196289062,37.961437225341797
92291535,2024,2024-01-19,9425,2024-01-12,1215,019287,,5,1,9,5500,0,1,3,,2,022,SR-49,"PESCE WAY",430.00,N,N,A,-,Y,TUO,,49," "," ",18.844,H,,R,N,2,0,1,2,A,-,08,22107,,N,G,B,E,A,H,-,A,D,0,Y,,,,Y,,A,01,1,0,0,0,1,0,0,0,0,"- ","- ",37.994979858398438,-120.38329315185547,TUOLUMNE,UNINCORPORATED,-120.38332366943359,37.994979858398438
92297181,2024,2024-01-25,9425,2024-01-24,1630,017708,,3,2,9,5500,0,2,4,,2,026,"MONO WAY","SULLIVAN CREEK RD",100.00,W,N,B,C,N,,,,,,,,,,Y,3,0,1,2,A,-,03,22350,,N,C,C,A,B,H,-,A,D,0,,,,,Y,,A,01,0,1,0,0,0,0,0,0,0,"- ","- ",37.975589752197266,-120.34971618652344,TUOLUMNE,UNINCORPORATED,,
92304111,2024,2024-02-02,9425,2024-01-20,"610 ",019489,,6,1,9,5500,0,3,5,,2,001,"OBYRNES FERRY ROAD","OLD OBYRNES FERRY ROAD",100.00,S,N,B,-,N,,,,,,,,,,Y,3,0,2,3,A,-,05,21460,A,N,A,C,A,B,H,-,D,D,0,,,,,Y,,A,07,0,2,0,0,0,0,0,0,0,"- ","- ",37.895759582519531,-120.56511688232422,TUOLUMNE,UNINCORPORATED,-120.56495666503906,37.895000457763672
92306055,2024,2024-02-05,9425,2024-01-26,1405,019489,,5,2,9,5500,0,1,3,,2,013,"STATE ROUTE 49","CHICKEN RANCH ROAD",0.00,,Y,A,-,Y,TUO,,49," "," ",12.818,H,,R,Y,3,0,1,2,A,-,01,23153,A,N,D,C,A,A,H,-,A,A,0,,,,,Y,Y,A,07,0,1,0,0,0,0,0,0,0,"- ","- ",37.935081481933594,-120.44316864013672,TUOLUMNE,UNINCORPORATED,-120.44316864013672,37.935077667236328
92309580,2024,2024-02-08,9425,2024-01-30,2235,018822,,2,3,9,5500,0,3,5,,2,002,"HESS AVE","CORDELIA AVE",805.00,S,N,A,-,N,,,,,,,,,,N,4,0,1,1,A,-,08,22107,,N,E,I,A,A,H,-,D,D,0,,,,,Y,,-,"- ",0,0,1,0,0,0,0,0,0,"- ","- ",37.969741821289062,-120.33110809326172,TUOLUMNE,UNINCORPORATED,-120.33107757568359,37.96978759765625
92314004,2024,2024-02-14,9425,2024-02-03,"115 ",019918,,6,3,9,5500,0,3,5,,2,001,"SHAWS FLAT RD","KEELEY DR",23.00,W,N,B,-,N,,,,,,,,,,Y,3,0,1,1,A,-,01,23152,A,N,E,I,A,B,H,-,D,D,0,,,,,Y,Y,D,22,0,1,0,0,0,0,0,0,0,"- ","- ",38.002418518066406,-120.39817047119141,TUOLUMNE,UNINCORPORATED,-120.39811706542969,38.002418518066406
92315137,2024,2024-02-15,9425,2024-02-02,1055,019489,,5,1,9,5500,0,1,3,,2,022,"STATE ROUTE 49","FLUME RD",250.00,N,N,B,C,Y,TUO,,49," ",R,22.560,H,,R,Y,4,0,1,1,A,-,08,22107,,N,F,A,A,B,H,-,A,D,0,,,,,Y,,D,22,0,0,1,0,0,0,0,0,0,"- ","- ",38.001739501953125,-120.42857360839844,TUOLUMNE,UNINCORPORATED,-120.42864990234375,38.001762390136719
92315416,2024,2024-02-15,9425,2024-02-12,1135,016921,,1,1,9,5500,0,1,3,,2,031,"SR-108 E/B","SOULSBYVILLE ROAD",3696.00,E,N,A,-,Y,TUO,,108," "," ",8.259,H,,R,Y,3,0,1,1,A,-,08,22107,,N,E,8,A,A,H,-,A,D,0,,,,,Y,,A,07,0,1,0,0,0,0,0,0,0,"- ","- ",38.004871368408203,-120.25981903076172,TUOLUMNE,UNINCORPORATED,-120.25977325439453,38.004863739013672
92326657,2024,2024-02-29,9425,2024-02-28,1135,018559,,3,1,9,5500,0,1,3,,2,031,SR-108,"CONFIDENCE-SOUTH FORK RD",528.00,W,N,A,-,Y,TUO,,108," "," ",12.991,H,,R,Y,4,0,1,1,A,-,08,22107,,N,F,A,A,A,H,-,A,D,0,,,,,Y,,A,01,0,0,1,0,0,0,0,0,0,"- ","- ",38.046218872070312,-120.21000671386719,TUOLUMNE,UNINCORPORATED,-120.20990753173828,38.046211242675781
92331116,2024,2024-03-06,9425,2024-02-28,1550,016812,,3,2,9,5500,0,3,5,,2,002,"LIME KILN RD","LIME ROCK DR",1584.00,N,N,A,-,N,,,,,,,,,,N,2,0,1,1,A,-,01,23152,A,N,F,A,A,A,H,-,A,D,0,,,Y,,Y,Y,C,02,1,0,0,0,0,0,0,0,1,"- ","- ",37.956329345703125,-120.36871337890625,TUOLUMNE,UNINCORPORATED,-120.36865997314453,37.956302642822266
92336341,2023,2024-04-30,9425,2023-12-07,2355,021474,,4,3,9,5500,0,1,3,,1,021,SR-108,"SULLIVAN CREEK RD",135.00,W,N,A,-,Y,TUO,,108," ",R,2.799,H,,R,Y,1,1,0,2,A,-,11,21954,A,N,G,B,E,A,H,-,D,D,0,Y,,,,Y,,N,60,0,0,0,1,0,0,0,0,0,"- ","- ",37.978080749511719,-120.34786224365234,TUOLUMNE,UNINCORPORATED,-120.34786224365234,37.978076934814453
92348871,2024,2024-03-27,9425,2024-03-18,2030,018822,,1,2,9,5500,0,2,4,,2,024,"TUOLUMNE ROAD","STRIKER COURT",300.00,E,N,A,-,N,,,,,,,,,,N,4,0,1,2,A,-,11,21956,A,N,G,B,E,A,H,-,D,D,0,Y,,,,Y,,N,60,0,0,1,0,1,0,0,0,0,"- ","- ",37.957969665527344,-120.31684875488281,TUOLUMNE,UNINCORPORATED,-120.31696319580078,37.957958221435547
92350735,2024,2024-03-29,9425,2024-03-23,"55  ",021474,,6,3,9,5500,0,2,4,,2,026,"MONO WAY","SANGUINETTI RD",0.00,,Y,B,C,N,,,,,,,,,,Y,3,0,1,1,A,-,08,22107,,N,E,I,A,B,F,-,C,A,0,,,,,Y,,A,07,0,1,0,0,0,0,0,0,0,"- ","- ",37.976028442382812,-120.36033630371094,TUOLUMNE,UNINCORPORATED,-120.35575103759766,37.97601318359375
92356198,2024,2024-04-04,9425,2024-03-26,1805,017403,,2,2,9,5500,0,3,5,,1,005,"FERRETTI RD",SR-120,40.00,N,N,A,-,N,,,,,,,,,,Y,3,0,1,1,A,-,08,22107,,N,E,I,A,A,H,-,A,D,0,,,,,Y,,A,07,0,1,0,0,0,0,0,0,0,"- ","- ",37.840129852294922,-120.22519683837891,TUOLUMNE,UNINCORPORATED,-120.22530364990234,37.840084075927734
92359841,2024,2024-04-09,9425,2024-03-28,"840 ",019287,,4,1,9,5500,0,3,5,,2,002,"GREENLEY RD","MORNING STAR DR",0.00,,Y,B,-,N,,,,,,,,,,Y,4,0,1,2,A,-,09,21453,C,N,A,C,A,A,H,-,A,A,0,,,,,Y,,A,01,0,0,1,0,0,0,0,0,0,"- ","- ",37.985668182373047,-120.36708831787109,TUOLUMNE,UNINCORPORATED,-120.36704254150391,37.985668182373047
92363058,2024,2024-04-12,9425,2024-04-03,"945 ",019489,,3,1,9,5500,0,1,3,,2,013,"STATE ROUTE 49","SIERRA ROCK ROAD",0.00,,Y,A,-,Y,TUO,,49," "," ",12.143,H,,R,Y,3,0,1,1,A,-,08,22107,,N,E,I,A,A,H,-,A,A,0,,,,,Y,,A,07,0,1,0,0,0,0,0,0,0,"- ","- ",37.925819396972656,-120.44618988037109,TUOLUMNE,UNINCORPORATED,-120.44635772705078,37.925857543945312