CASE_ID,ACCIDENT_YEAR,PROC_DATE,JURIS,COLLISION_DATE,COLLISION_TIME,OFFICER_ID,REPORTING_DISTRICT,DAY_OF_WEEK,CHP_SHIFT,POPULATION,CNTY_CITY_LOC,SPECIAL_COND,BEAT_TYPE,CHP_BEAT_TYPE,CITY_DIVISION_LAPD,CHP_BEAT_CLASS,BEAT_NUMBER,PRIMARY_RD,SECONDARY_RD,DISTANCE,DIRECTION,INTERSECTION,WEATHER_1,WEATHER_2,STATE_HWY_IND,CALTRANS_COUNTY,CALTRANS_DISTRICT,STATE_ROUTE,ROUTE_SUFFIX,POSTMILE_PREFIX,POSTMILE,LOCATION_TYPE,RAMP_INTERSECTION,SIDE_OF_HWY,TOW_AWAY,COLLISION_SEVERITY,NUMBER_KILLED,NUMBER_INJURED,PARTY_COUNT,PRIMARY_COLL_FACTOR,PCF_CODE_OF_VIOL,PCF_VIOL_CATEGORY,PCF_VIOLATION,PCF_VIOL_SUBSECTION,HIT_AND_RUN,TYPE_OF_COLLISION,MVIW,PED_ACTION,ROAD_SURFACE,ROAD_COND_1,ROAD_COND_2,LIGHTING,CONTROL_DEVICE,CHP_ROAD_TYPE,PEDESTRIAN_ACCIDENT,BICYCLE_ACCIDENT,MOTORCYCLE_ACCIDENT,TRUCK_ACCIDENT,NOT_PRIVATE_PROPERTY,ALCOHOL_INVOLVED,STWD_VEHTYPE_AT_FAULT,CHP_VEHTYPE_AT_FAULT,COUNT_SEVERE_INJ,COUNT_VISIBLE_INJ,COUNT_COMPLAINT_PAIN,COUNT_PED_KILLED,COUNT_PED_INJURED,COUNT_BICYCLIST_KILLED,COUNT_BICYCLIST_INJURED,COUNT_MC_KILLED,COUNT_MC_INJURED,PRIMARY_RAMP,SECONDARY_RAMP,LATITUDE,LONGITUDE,COUNTY,CITY,POINT_X,POINT_Y
9034963,2019,2020-10-19,5501,2019-02-21,1635,EW1,5501,4,5,2,5501,0,0,0,,0,002,"RT 49","E DODGE ST",203.00,N,N,A,-,Y,TUO,10,49,-,-,18.260,H,-,N,N,3,0,1,2,A,-,03,22350,,N,C,C,A,A,H,-,A,D,0,,,,,Y,,A,07,0,1,0,0,0,0,0,0,0,"- ","- ",37.986869812011719,-120.38408660888672,TUOLUMNE,SONORA,-120.43475341796875,37.874881744384766
90352199,2016,2016-12-27,9425,2016-12-18,0925,012786,,7,1,9,5500,0,1,3,,1,021,SR-108,"WOODS CREEK BRIDGE",274.00,E,N,A,-,Y,,,,,,,,,,Y,4,0,1,1,A,-,03,22350,,N,F,A,A,C,H,-,A,D,0,,,,,Y,,A,07,0,0,1,0,0,0,0,0,0,"- ","- ",,,TUOLUMNE,UNINCORPORATED,,
90354953,2016,2016-12-27,9425,2016-12-17,1325,018251,,6,1,9,5500,0,1,3,,2,011,"STATE ROUTE 49","CHICKEN RANCH RD",900.00,W,N,A,-,Y,,,49,,,,,,,Y,3,0,1,1,A,-,08,22107,,N,F,A,A,A,H,-,A,D,0,,,,,Y,,A,01,0,1,0,0,0,0,0,0,0,"- ","- ",37.93242,-120.44441999999999,TUOLUMNE,UNINCORPORATED,-120.44445752999999,37.93242678
90355009,2016,2016-12-27,9425,2016-12-16,1430,020028,,5,2,9,5500,0,3,5,,2,001,"STATE ROUTE 49","TUTTLETOWN RD",150.00,S,N,B,-,Y,,,49,,,,,,,Y,4,0,5,2,A,-,05,21460,A,N,A,C,A,A,H,-,A,D,0,,,,,Y,,A,07,0,0,5,0,0,0,0,0,0,"- ","- ",37.991309999999999,-120.46151999999999,TUOLUMNE,UNINCORPORATED,-120.46150353,37.991295030000003
90357134,2016,2016-12-29,9425,2016-12-23,1000,016886,,5,1,9,5500,0,1,3,,2,042,SR-120,"EVERGREEN ROAD",1056.00,W,N,B,D,Y,,,120,,,,,,,Y,4,0,1,2,A,-,05,21460,A,N,A,C,A,C,H,-,A,A,0,,,,,Y,,A,01,0,0,1,0,0,0,0,0,0,"- ","- ",37.816009999999999,-119.87724,TUOLUMNE,UNINCORPORATED,-119.87724029,37.816013769999998
90357154,2016,2016-12-29,9425,2016-12-19,1445,017461,,1,2,9,5500,0,1,3,,2,041,SR-120,"SPRAGUE RD  E",701.00,E,N,A,-,Y,,,120,,,,,,,Y,3,0,1,1,A,-,01,23152,A,N,E,I,A,A,H,-,A,D,0,,,,,Y,Y,A,01,0,1,0,0,0,0,0,0,0,"- ","- ",37.819000000000003,-120.1337,TUOLUMNE,UNINCORPORATED,-120.13333344999999,37.819770630000001
90357277,2016,2016-12-29,9425,2016-12-27,2009,018559,,2,2,9,5500,0,2,4,,2,025,"PARROTTS FERRY RD","SAWMILL FLAT RD",150.00,S,N,A,-,N,,,,,,,,,,N,4,0,2,2,A,-,03,22350,,N,C,C,A,A,H,-,D,D,0,,,,,Y,,A,01,0,0,2,0,0,0,0,0,0,"- ","- ",38.017890000000001,-120.39581,TUOLUMNE,UNINCORPORATED,-120.39582572,38.017932780000002
90359652,2017,2017-01-03,9425,2017-01-01,1750,018559,,7,2,9,5500,0,1,3,,1,021,"SR-108 W/B","OLD WARDS FERRY RD",305.00,W,N,B,-,Y,,,108,,,,,,W,Y,4,0,2,2,A,-,03,22350,,N,C,C,A,A,H,-,D,D,0,,,,,Y,,A,01,0,0,2,0,0,0,0,0,0,"- ","- ",37.97043,-120.36815,TUOLUMNE,UNINCORPORATED,-120.36814062000001,37.97038302
90359954,2017,2017-01-03,9425,2017-01-01,1714,018822,,7,2,9,5500,0,2,4,,2,034,"TUOLUMNE RD","WESTSIDE RD",1056.00,E,N,A,-,N,,,,,,,,,,N,4,0,1,2,A,-,03,22350,,N,C,C,A,A,H,-,D,D,0,,,,,Y,,A,07,0,0,1,0,0,0,0,0,0,"- ","- ",37.964779999999998,-120.24574,TUOLUMNE,UNINCORPORATED,-120.2449383,37.96464228
90360663,2017,2017-01-04,9425,2017-01-02,1455,018559,,1,2,9,5500,0,2,4,,2,023,"PHOENIX LAKE RD","PASEO DE LOS PORTALES RD",1584.00,E,N,B,-,N,,,,,,,,,,N,2,0,1,3,A,-,08,22107,,N,B,E,E,B,H,-,A,D,0,Y,,,,Y,,A,01,1,0,0,0,1,0,0,0,0,"- ","- ",38.00882,-120.29792999999999,TUOLUMNE,UNINCORPORATED,-120.29801414000001,38.008949940000001
90360720,2017,2017-01-04,9425,2017-01-01,0830,017058,,7,1,9,5500,0,1,3,,2,013,"STATE ROUTE 49","HARVARD MINE ROAD",250.00,S,N,A,-,Y,,,,,,,,,,Y,3,0,2,1,A,-,08,22107,,N,E,I,A,A,H,-,A,D,0,,,,,Y,,A,07,0,1,1,0,0,0,0,0,0,"- ","- ",37.5655,-120.25320000000001,TUOLUMNE,UNINCORPORATED,,
90365508,2017,2017-01-10,9425,2017-01-09,2220,016812,,1,3,9,5500,0,3,5,,2,003,"MIDDLE CAMP SUGAR PINE RD","HIGHLANDER DR",1584.00,W,N,B,C,N,,,,,,,,,,Y,4,0,1,1,A,-,03,22350,,N,E,I,A,B,H,-,D,D,0,,,,,Y,,A,01,0,0,1,0,0,0,0,0,0,"- ","- ",,,TUOLUMNE,UNINCORPORATED,-120.22216469,38.050546130000001
90368859,2017,2017-01-13,9425,2017-01-09,1910,018559,,1,2,9,5500,0,1,3,,2,022,SR-49,"JACKASS HILL RD",525.00,S,N,B,C,Y,,,49,,,,,,,Y,4,0,1,1,A,-,08,22107,,N,E,I,A,B,H,-,D,D,0,,,,,Y,,A,07,0,0,1,0,0,0,0,0,0,"- ","- ",37.989339999999999,-120.47183,TUOLUMNE,UNINCORPORATED,-120.47184884000001,37.989384090000001
9037156,2019,2020-03-18,5501,2019-01-14,1330,AB1,5501,1,5,2,5501,0,0,0,,0,002,"LYONS ST","S SHEPHERD ST",0.00,,Y,B,-,N,,,,,,,,,,N,3,0,1,2,A,-,09,21802,B,N,D,C,A,A,H,-,A,A,0,,,,,Y,,D,72,0,1,0,0,0,0,0,0,0,"- ","- ",37.984901428222656,-120.38155364990234,TUOLUMNE,SONORA,-120.38156890869141,37.984870910644531
9037160,2019,2020-10-19,5501,2019-01-16,1021,PC1,5501,3,5,2,5501,0,0,0,,0,001,"RT 49","SOLINSKY ST",12.00,E,N,C,-,Y,TUO,10,49,-,-,17.600,H,-,N,N,4,0,1,1,A,-,03,22350,,N,E,J,A,B,H,-,A,D,0,,,,,Y,,D,22,0,0,1,0,0,0,0,0,0,"- ","- ",,,TUOLUMNE,SONORA,-120.43474578857422,37.8748779296875
90371778,2017,2017-01-18,9425,2017-01-13,1700,019287,,5,2,9,5500,0,1,3,,2,013,SR-49,"FIFTH AVENUE",35.00,E,N,B,-,Y,,,49,,,,,,,Y,4,0,1,2,A,-,03,22350,,N,C,C,A,A,H,-,A,A,0,,,,,Y,,D,22,0,0,1,0,0,0,0,0,0,"- ","- ",37.95852,-120.41797,TUOLUMNE,UNINCORPORATED,-120.4179556,37.958492810000003
90381677,2017,2017-01-30,9425,2017-01-24,0705,018251,,2,1,9,5500,0,3,5,,2,002,"GREENLEY RD","GUZZI LANE",18.00,S,N,B,-,N,,,,,,,,,,Y,4,0,2,1,A,-,03,22350,,N,E,I,A,C,H,-,A,D,0,,,,,Y,,A,07,0,0,2,0,0,0,0,0,0,"- ","- ",37.976520000000001,-120.36981,TUOLUMNE,UNINCORPORATED,-120.36940119,37.976696160000003
90382544,2017,2017-02-09,9425,2017-01-07,1340,017461,,6,1,9,5500,0,3,5,,2,001,"RAWHIDE RD","OMEGA MINE RD",1056.00,S,N,B,-,N,,,,,,,,,,Y,4,0,2,2,A,-,05,21460,A,N,A,C,A,B,H,-,A,A,0,,,,,Y,,A,01,0,0,2,0,0,0,0,0,0,"- ","- ",37.967500000000001,-120.42449999999999,TUOLUMNE,UNINCORPORATED,-120.44440951999999,37.964179999999999
90383663,2016,2017-02-01,9425,2016-11-13,0747,017058,,7,1,9,5500,0,1,3,,2,031,"STATE ROUTE 108","SOULSBYVILLE ROAD",5280.00,E,N,A,-,Y,,,108,,,,,,,Y,1,1,0,1,A,-,01,23152,E,N,F,A,A,A,H,-,A,D,0,,,,,Y,,A,01,0,0,0,0,0,0,0,0,0,"- ","- ",38.007660000000001,-120.25876,TUOLUMNE,UNINCORPORATED,-120.25874429,38.007650169999998
90385262,2017,2017-02-03,9425,2017-01-18,1400,018822,,3,2,9,5500,0,3,5,,2,003,"DODGE RIDGE ROAD","PINECREST LAKE ROAD",0.00,,Y,B,D,N,,,,,,,,,,Y,4,0,1,2,A,-,09,21802,A,N,D,C,A,C,H,-,A,A,0,,,,,Y,,A,07,0,0,1,0,0,0,0,0,0,"- ","- ",,,TUOLUMNE,UNINCORPORATED,-120.00234986,38.188919900000002
90385758,2017,2017-02-03,9425,2017-01-29,1550,019773,,7,2,9,5500,0,1,3,,2,013,SR-49,"BELL MOONEY RD",0.00,,Y,A,-,Y,,,49,,,,,,,N,3,0,3,2,A,-,05,21460,A,N,D,C,A,A,H,-,A,A,0,,,,,Y,,D,22,0,1,2,0,0,0,0,0,0,"- ","- ",37.940040000000003,-120.43429999999999,TUOLUMNE,UNINCORPORATED,-120.43435386,37.940133979999999
90387393,2017,2017-02-07,9425,2017-02-05,1600,019785,,7,2,9,5500,0,1,3,,2,031,"STATE ROUTE 108","COFFILL RD",500.00,E,N,B,-,Y,,,,,,,,,,N,4,0,1,1,C,-,18,,,N,H,H,A,A,H,-,A,D,0,,,,,Y,,-,"- ",0,0,1,0,0,0,0,0,0,"- ","- ",38.045740000000002,-120.20336,TUOLUMNE,UNINCORPORATED,-120.20389437999999,38.047608990000001
90388554,2017,2017-02-08,9425,2017-01-31,1345,014725,,2,1,9,5500,0,1,3,,2,022,"STATE ROUTE 49","PRESTON PLACE",76.00,S,N,A,-,Y,,,49,,,,,,,Y,4,0,1,3,A,-,03,22350,,N,C,C,A,A,H,-,A,D,0,,,,,Y,,D,22,0,0,1,0,0,0,0,0,0,"- ","- ",38.00273,-120.38449,TUOLUMNE,UNINCORPORATED,-120.38449759,38.00272579
90389508,2017,2017-02-09,9425,2017-01-24,0650,012700,,2,1,9,5500,0,3,5,,2,003,SR-108,"TWAIN HARTE DR WEST",2640.00,W,N,A,-,Y,,,,,,,,,,Y,3,0,2,1,A,-,08,22107,,N,F,A,A,C,H,-,A,D,0,,,,,Y,,A,07,0,1,1,0,0,0,0,0,0,"- ","- ",,,TUOLUMNE,UNINCORPORATED,-120.25211466,38.013856709999999
90391390,2017,2017-02-13,9425,2017-02-08,1725,017461,,3,2,9,5500,0,3,5,,2,001,"JACKSONVILLE RD","LULU MINE RD",6336.00,N,N,B,-,N,,,,,,,,,,N,4,0,1,2,A,-,03,22350,,N,B,C,A,B,H,-,B,D,0,,,,,Y,,A,01,0,0,1,0,0,0,0,0,0,"- ","- ",37.828800000000001,-120.3458,TUOLUMNE,UNINCORPORATED,-120.40941615,37.888729570000002
90391969,2017,2017-02-13,9425,2017-02-01,1650,019287,,3,2,9,5500,0,3,5,,2,002,"COLUMBIA ST","JACKSON RD",104.00,S,N,A,-,N,,,,,,,,,,Y,3,0,1,1,A,-,01,23152,A,N,F,A,A,A,H,-,A,A,0,,,,,Y,Y,D,22,0,1,0,0,0,0,0,0,0,"- ","- ",38.035409999999999,-120.39982000000001,TUOLUMNE,UNINCORPORATED,-120.39983316999999,38.035438890000002
90392561,2017,2017-02-14,9425,2017-01-31,1332,018251,,2,1,9,5500,0,1,3,,2,022,"STATE ROUTE 49","SAPPHIRE RIDGE RD",515.00,N,N,A,-,Y,,,49,,,,,,,N,4,0,1,2,A,-,08,22107,,N,E,I,A,A,H,-,A,D,0,,,,,Y,,D,22,0,0,1,0,0,0,0,0,0,"- ","- ",37.991799999999998,-120.4581,TUOLUMNE,UNINCORPORATED,-120.45810093,37.991774220000003
90393195,2017,2017-02-14,9425,2017-02-11,1320,017058,,6,1,9,5500,0,1,3,,2,011,"STATE ROUTE 120","TULLOCH DAM RD",10560.00,E,N,A,-,Y,,,,,,,,,,Y,4,0,2,1,A,-,08,22107,,N,E,I,A,A,H,-,A,D,0,,,,,Y,,A,01,0,0,2,0,0,0,0,0,0,"- ","- ",37.505899999999997,-120.3537,TUOLUMNE,UNINCORPORATED,,
90393672,2017,2017-02-15,9425,2017-02-04,0020,018822,,6,3,9,5500,0,2,4,,2,014,"LA GRANGE RD",SR-120,150.00,S,N,A,-,N,,,,,,,,,,Y,3,0,1,1,A,-,08,22107,,N,F,A,A,B,H,-,C,D,0,,,,,Y,,A,01,0,1,0,0,0,0,0,0,0,"- ","- ",37.843339999999998,-120.50793,TUOLUMNE,UNINCORPORATED,-120.50774127,37.84301001
90394250,2016,2017-04-17,9425,2016-10-21,1623,014853,,5,2,9,5500,0,2,4,,2,014,"LA GRANGE ROAD","BONDS FLAT ROAD",1094.00,N,N,A,-,N,,,,,,,,,,Y,1,3,3,3,A,-,05,21460,A,F,F,A,A,A,H,-,A,D,0,,,,,Y,,A,07,2,1,0,0,0,0,0,0,0,"- ","- ",37.716729999999998,-120.44426,TUOLUMNE,UNINCORPORATED,-120.44329557,37.719641080000002
9039636,2019,2020-07-16,5501,2019-05-20,1219,TB1,5501,1,5,2,5501,0,0,0,,0,002,"RT 49","E BRADFORD ST",18.00,S,N,A,-,Y,TUO,10,49,-,-,18.100,H,-,N,N,3,0,1,2,A,-,03,22350,,N,C,C,A,A,H,-,A,D,0,,,,,Y,,A,01,0,1,0,0,0,0,0,0,0,"- ","- ",37.984001159667969,-120.38300323486328,TUOLUMNE,SONORA,-120.43475341796875,37.874881744384766
90400531,2017,2017-02-27,9425,2017-02-13,2103,017403,,1,2,9,5500,0,1,3,,2,041,SR-120,"MEMORIAL DR.",1056.00,E,N,B,-,Y,,,,,,,,,,Y,2,0,1,1,A,-,01,23152,A,N,E,I,A,A,H,-,D,D,0,,,,,Y,Y,A,01,1,0,0,0,0,0,0,0,0,"- ","- ",,,TUOLUMNE,UNINCORPORATED,-120.2423549,37.833693140000001
90401100,2017,2017-02-27,9425,2017-02-24,0510,017461,,5,3,9,5500,0,3,5,,1,004,"FERRETTI RD","MUELLER DR",210.00,S,N,A,-,N,,,,,,,,,,Y,4,0,1,1,A,-,08,22107,,N,F,A,A,C,H,-,D,D,0,,,,,Y,,A,07,0,0,1,0,0,0,0,0,0,"- ","- ",37.857500000000002,-120.17449999999999,TUOLUMNE,UNINCORPORATED,-120.22565348000001,37.853480869999999
90407205,2017,2017-03-07,9425,2017-03-04,0952,018251,,6,1,9,5500,0,1,3,,2,011,"STATE ROUTE 120","RUSHING HILL LOOKOUT RD",5280.00,E,N,A,-,Y,,,120,,,,,,,Y,3,0,1,1,A,-,08,22107,,N,E,I,A,A,H,-,A,D,0,,,,,Y,,D,22,0,1,0,0,0,0,0,0,0,"- ","- ",37.843519999999998,-120.5419,TUOLUMNE,UNINCORPORATED,-120.54190674,37.843466470000003
90407671,2017,2017-03-17,9425,2017-03-05,0935,018251,,7,1,9,5500,0,1,3,,2,031,"STATE ROUTE 108","EAST AVE",1584.00,W,N,B,D,Y,,,,,,,,,,N,4,0,1,3,A,-,03,22350,,N,B,C,A,C,H,-,A,D,0,,,,,Y,,A,07,0,0,1,0,0,0,0,0,0,"- ","- ",38.1554,-120.1335,TUOLUMNE,UNINCORPORATED,-120.22635885,38.032116080000002
90409206,2017,2017-03-09,9425,2017-02-28,1248,018251,,2,1,9,5500,0,2,4,,2,025,"PARROTTS FERRY RD","WASHINGTON ST",124.00,N,N,A,-,N,,,,,,,,,,Y,4,0,1,2,A,-,01,23152,A,N,B,E,A,A,H,-,A,D,0,,,,,Y,Y,A,07,0,0,1,0,0,0,0,0,0,"- ","- ",38.034100000000002,-120.40179999999999,TUOLUMNE,UNINCORPORATED,-120.40196568,38.034076540000001
90409823,2017,2017-03-10,9425,2017-03-08,1540,019773,,3,2,9,5500,0,1,3,,2,013,SR-49,"FIFTH AVENUE",75.00,S,N,A,-,Y,,,49,,,,,,,N,4,0,1,2,A,-,03,22350,,N,C,C,A,A,H,-,A,D,0,,,,,Y,Y,A,01,0,0,1,0,0,0,0,0,0,"- ","- ",37.95834,-120.41845000000001,TUOLUMNE,UNINCORPORATED,-120.41840664999999,37.958256179999999
90417028,2017,2017-03-22,9425,2017-03-14,1545,018965,,2,2,9,5500,0,3,5,,2,002,"LOWER QUAIL MINE RD","UPPER QUAIL MINE RD",137.00,E,N,A,-,N,,,,,,,,,,Y,2,0,1,2,A,-,05,21650,,N,A,C,A,A,H,-,A,D,0,,,Y,,Y,,C,02,1,0,0,0,0,0,0,0,1,"- ","- ",38.03369,-120.36714000000001,TUOLUMNE,UNINCORPORATED,-120.36714000000001,38.03369
90418347,2017,2017-03-23,9425,2017-03-16,2245,016812,,4,3,9,5500,0,3,5,,2,002,"MEADOW BROOK DR","OAK KNOLL RD",758.00,N,N,B,-,N,,,,,,,,,,Y,3,0,1,1,A,-,01,23152,A,M,E,I,A,A,H,-,D,D,0,,,,,Y,Y,D,22,0,1,0,0,0,0,0,0,0,"- ","- ",,,TUOLUMNE,UNINCORPORATED,-120.33055071,37.992313780000003
90418457,2017,2017-03-23,9425,2017-03-17,2050,019773,,5,2,9,5500,0,1,3,,2,031,"STATE ROUTE 108","TOBAN WAY",213.00,W,N,A,-,Y,,,108,,,,,,,N,2,0,1,1,A,-,08,22107,,N,E,I,A,A,H,-,D,D,0,,,,,Y,,A,01,1,0,0,0,0,0,0,0,0,"- ","- ",38.077680000000001,-120.16806,TUOLUMNE,UNINCORPORATED,-120.16804942,38.077630460000002
90422298,2017,2017-03-28,9425,2017-03-21,1530,019287,,2,2,9,5500,0,3,5,,2,003,"CHEROKEE DR","TUOLUMNE RD",950.00,N,N,C,-,N,,,,,,,,,,Y,4,0,1,1,A,-,08,22107,,N,E,I,A,B,H,-,A,D,0,,,,,Y,,A,01,0,0,1,0,0,0,0,0,0,"- ","- ",37.964700000000001,-120.2646,TUOLUMNE,UNINCORPORATED,-120.26450339,37.964664229999997
90423086,2017,2017-03-29,9425,2017-03-22,1710,019287,,3,2,9,5500,0,2,4,,2,014,"LA GRANGE RD","OLD DON PEDRO RD",550.00,S,N,B,-,N,,,,,,,,,,Y,3,0,1,1,A,-,08,22107,,N,E,I,A,A,H,-,A,D,0,,,,,Y,,A,01,0,1,0,0,0,0,0,0,0,"- ","- ",37.824649999999998,-120.47372,TUOLUMNE,UNINCORPORATED,-120.4737997,37.824483710000003
90424553,2017,2017-03-30,9425,2017-03-26,1539,017403,,7,2,9,5500,0,3,5,,1,004,"WARDS FERRY RD","BIG OAK RD",2640.00,N,N,B,-,N,,,,,,,,,,Y,2,0,1,2,A,-,06,21751,,N,A,C,A,A,H,-,A,D,0,,,Y,,Y,,C,02,1,0,0,0,0,0,0,0,1,"- ","- ",37.834519999999998,-120.25872,TUOLUMNE,UNINCORPORATED,-120.25907067999999,37.834556980000002
9042508,2019,2020-02-18,5501,2019-06-20,0923,EW1,5501,4,5,2,5501,0,0,0,,0,001,"MONO WY","RESTANO WY",173.00,E,N,A,-,N,,,,,,,,,,N,3,0,1,3,A,-,03,22350,,N,C,C,A,A,H,-,A,A,0,,,,,Y,,A,07,0,1,0,0,0,0,0,0,0,"- ","- ",37.975109100341797,-120.36876678466797,TUOLUMNE,SONORA,-120.37888336181641,37.976387023925781
90425938,2017,2017-04-03,9425,2017-03-29,2155,016812,,3,2,9,5500,0,1,3,,2,013,SR-49,"BELL MOONEY RD",6.00,S,N,B,-,Y,,,49,,,,,,,Y,2,0,2,2,A,-,01,23152,A,F,C,C,A,A,H,-,D,A,0,,,,,Y,Y,D,22,1,0,1,0,0,0,0,0,0,"- ","- ",37.940089999999998,-120.43437,TUOLUMNE,UNINCORPORATED,-120.43438498,37.940116140000001
90431798,2017,2017-04-11,9425,2017-04-05,0925,017822,,3,1,9,5500,0,1,3,,2,013,"STATE ROUTE 49","MILL VILLA RD.",0.00,,Y,A,-,Y,,,49,,,,,,,Y,4,0,2,2,A,-,09,21802,A,N,D,C,A,A,H,-,A,A,0,,,,,Y,,A,01,0,0,2,0,0,0,0,0,0,"- ","- ",37.962969999999999,-120.40089,TUOLUMNE,UNINCORPORATED,-120.40089317,37.96301442
90431826,2017,2017-04-13,9425,2017-04-05,1245,017822,,3,1,9,5500,0,3,5,,2,003,"SOUTH FORK RD","WILD CAT RIDGE RD",500.00,W,N,A,-,N,,,,,,,,,,Y,4,0,1,1,C,-,18,,,N,F,A,A,A,H,-,A,D,0,,,,,Y,,-,"- ",0,0,1,0,0,0,0,0,0,"- ","- ",,,TUOLUMNE,UNINCORPORATED,-120.25238462999999,38.03205612
90434343,2017,2017-04-14,9425,2017-04-01,1800,019287,,6,2,9,5500,0,3,5,,2,003,"CREEKSIDE DR","SALLANDER DR",0.00,,Y,A,-,N,,,,,,,,,,N,2,0,1,1,A,-,08,22107,,N,F,A,A,A,H,-,A,D,0,,,Y,,Y,Y,C,02,1,0,0,0,0,0,0,0,1,"- ","- ",38.017679999999999,-120.27441,TUOLUMNE,UNINCORPORATED,-120.27967995,38.012969920000003
90434791,2017,2017-04-17,9425,2017-04-08,0001,020028,,6,3,9,5500,0,3,5,,2,003,4N63,4N02,1584.00,S,N,C,G,N,,,,,,,,,,Y,4,0,1,1,A,-,03,22350,,N,F,A,A,D,B,E,D,D,0,,,,,Y,,A,07,0,0,1,0,0,0,0,0,0,"- ","- ",38.083590000000001,-120.19452,TUOLUMNE,UNINCORPORATED,-120.19457459,38.083717
90435694,2017,2017-04-17,9425,2017-04-17,0544,018251,,1,3,9,5500,0,1,3,,2,022,"STATE ROUTE 49","FLUME RD",528.00,N,N,B,-,Y,,,49,,,,,,,Y,4,0,1,1,A,-,08,22107,,N,E,I,A,B,H,-,D,D,0,,,,,Y,,A,07,0,0,1,0,0,0,0,0,0,"- ","- ",38.00112,-120.42914,TUOLUMNE,UNINCORPORATED,-120.42914241,38.001123130000003
90435919,2017,2017-04-17,9425,2017-04-12,2140,016812,,3,2,9,5500,0,3,5,,2,002,"SAWMILL FLAT RD","RAMBLER RD",20.00,S,N,B,-,N,,,,,,,,,,Y,3,0,1,1,A,-,01,23152,A,N,E,I,A,A,H,-,D,D,0,,,,,Y,Y,A,01,0,1,0,0,0,0,0,0,0,"- ","- ",38.0197,-120.38764999999999,TUOLUMNE,UNINCORPORATED,-120.38731478,38.019716289999998
90441652,2017,2017-04-25,9425,2017-04-12,1200,014725,,3,1,9,5500,0,3,5,,2,001,"FIFTH AVENUE","STATE ROUTE 49",15.00,E,N,B,-,N,,,,,,,,,,N,4,0,1,2,A,-,21,22106,,N,C,C,A,A,H,-,A,A,0,,,,,Y,,A,08,0,0,1,0,0,0,0,0,0,"- ","- ",37.95825,-120.41818000000001,TUOLUMNE,UNINCORPORATED,-120.41819662,37.958253890000002
90443644,2017,2017-04-27,9425,2017-04-23,1615,019773,,7,2,9,5500,0,3,5,,2,003,"TUOLUMNE RD  N","CHEROKEE RD",723.00,N,N,A,-,N,,,,,,,,,,N,3,0,2,2,A,-,08,22107,,N,D,C,A,A,H,-,A,D,0,,,,,Y,,A,01,0,1,1,0,0,0,0,0,0,"- ","- ",37.947879999999998,-120.42579000000001,TUOLUMNE,UNINCORPORATED,-120.24809636000001,37.98041911
90446698,2017,2017-05-01,9425,2017-04-28,2055,017461,,5,2,9,5500,0,3,5,,1,004,"PRIEST COULTERVILLE RD",SR-120,10560.00,S,N,A,-,N,,,,,,,,,,Y,4,0,1,1,A,-,08,22107,,N,E,I,A,A,H,-,D,D,0,,,,,Y,,A,01,0,0,1,0,0,0,0,0,0,"- ","- ",37.814,-120.2722,TUOLUMNE,UNINCORPORATED,-120.24988602000001,37.796467640000003
90448583,2017,2017-05-03,9425,2017-04-22,1034,018251,,6,1,9,5500,0,1,3,,2,013,"STATE ROUTE 49","WOODS WAY",362.00,E,N,B,-,Y,,,49,,,,,,,Y,3,0,1,1,A,-,04,21703,,N,F,A,A,A,H,-,A,D,0,,,Y,,Y,,C,02,0,1,0,0,0,0,0,0,1,"- ","- ",37.947879999999998,-120.42579000000001,TUOLUMNE,UNINCORPORATED,-120.42573998,37.947859829999999
90449107,2017,2017-05-04,9425,2017-04-28,1645,019287,,5,2,9,5500,0,3,5,,2,003,"KEWIN MILL RD","FOREST LAKE RD",325.00,N,N,A,-,N,,,,,,,,,,Y,4,0,1,1,A,-,08,22107,,N,E,I,A,A,H,-,A,D,0,,,,,Y,,A,01,0,0,1,0,0,0,0,0,0,"- ","- ",38.050150000000002,-120.26496,TUOLUMNE,UNINCORPORATED,-120.26495018,38.050120419999999
90453775,2017,2017-05-11,9425,2017-04-10,1020,014725,,1,1,9,5500,0,3,5,,2,001,"WIGWAM ROAD","JAMESTOWN ROAD",218.00,E,N,A,-,N,,,,,,,,,,Y,4,0,1,1,C,-,18,,,N,E,I,A,A,H,-,A,D,0,,,,,Y,,-,"- ",0,0,1,0,0,0,0,0,0,"- ","- ",37.962139999999998,-120.41728999999999,TUOLUMNE,UNINCORPORATED,-120.41705971,37.96214209
9045479,2019,2020-02-26,5501,2019-03-28,0900,TW1,5501,4,5,2,5501,0,0,0,,0,001,"MONO WY","TRUCKENMILLER RD",240.00,E,N,-,-,N,,,,,,,,,,N,3,0,1,2,A,-,03,22350,,N,-,-,A,-,-,-,-,-,0,,,,,Y,,A,01,0,1,0,0,0,0,0,0,0,"- ","- ",,,TUOLUMNE,SONORA,-120.37560272216797,37.974723815917969
9045519,2019,2020-02-26,5501,2019-06-21,2142,TB1,5501,5,5,2,5501,0,0,0,,0,001,"MONO WY","SANGUINETTI RD",0.00,,Y,A,-,N,,,,,,,,,,N,3,0,1,2,D,-,00,,,F,G,B,B,A,H,-,C,D,0,Y,,,,Y,,-,"- ",0,1,0,0,1,0,0,0,0,"- ","- ",37.975109100341797,-120.36876678466797,TUOLUMNE,SONORA,-120.37104034423828,37.973800659179688
90457051,2017,2017-05-16,9425,2017-04-25,1508,017403,,2,2,9,5500,0,1,3,,2,041,SR-120,SR-49,0.00,,Y,A,-,Y,,,,,,,,,,Y,2,0,2,2,A,-,09,21802,A,N,D,C,A,A,H,-,A,A,0,,,,,Y,,D,22,1,0,1,0,0,0,0,0,0,"- ","- ",,,TUOLUMNE,UNINCORPORATED,-120.43423993,37.87448998