CASE_ID,ACCIDENT_YEAR,PROC_DATE,JURIS,COLLISION_DATE,COLLISION_TIME,OFFICER_ID,REPORTING_DISTRICT,DAY_OF_WEEK,CHP_SHIFT,POPULATION,CNTY_CITY_LOC,SPECIAL_COND,BEAT_TYPE,CHP_BEAT_TYPE,CITY_DIVISION_LAPD,CHP_BEAT_CLASS,BEAT_NUMBER,PRIMARY_RD,SECONDARY_RD,DISTANCE,DIRECTION,INTERSECTION,WEATHER_1,WEATHER_2,STATE_HWY_IND,CALTRANS_COUNTY,CALTRANS_DISTRICT,STATE_ROUTE,ROUTE_SUFFIX,POSTMILE_PREFIX,POSTMILE,LOCATION_TYPE,RAMP_INTERSECTION,SIDE_OF_HWY,TOW_AWAY,COLLISION_SEVERITY,NUMBER_KILLED,NUMBER_INJURED,PARTY_COUNT,PRIMARY_COLL_FACTOR,PCF_CODE_OF_VIOL,PCF_VIOL_CATEGORY,PCF_VIOLATION,PCF_VIOL_SUBSECTION,HIT_AND_RUN,TYPE_OF_COLLISION,MVIW,PED_ACTION,ROAD_SURFACE,ROAD_COND_1,ROAD_COND_2,LIGHTING,CONTROL_DEVICE,CHP_ROAD_TYPE,PEDESTRIAN_ACCIDENT,BICYCLE_ACCIDENT,MOTORCYCLE_ACCIDENT,TRUCK_ACCIDENT,NOT_PRIVATE_PROPERTY,ALCOHOL_INVOLVED,STWD_VEHTYPE_AT_FAULT,CHP_VEHTYPE_AT_FAULT,COUNT_SEVERE_INJ,COUNT_VISIBLE_INJ,COUNT_COMPLAINT_PAIN,COUNT_PED_KILLED,COUNT_PED_INJURED,COUNT_BICYCLIST_KILLED,COUNT_BICYCLIST_INJURED,COUNT_MC_KILLED,COUNT_MC_INJURED,PRIMARY_RAMP,SECONDARY_RAMP,LATITUDE,LONGITUDE,COUNTY,CITY,POINT_X,POINT_Y
9045770,2019,2020-02-19,5501,2019-08-17,2219,TBI,5501,6,5,2,5501,0,0,0,,0,001,"LYONS BALD MOUNTAIN RD","LYONS ST",119.00,W,N,A,-,N,,,,,,,,,,Y,3,0,1,1,A,-,03,22350,,N,F,I,A,A,H,-,D,D,0,,,,,Y,,A,01,0,1,0,0,0,0,0,0,0,"- ","- ",37.98944091796875,-120.37014770507812,TUOLUMNE,SONORA,-120.37100219726562,37.988300323486328
90459521,2017,2017-06-22,9425,2017-05-13,1018,018251,,6,1,9,5500,0,1,3,,2,013,"STATE ROUTE 49","CHICKEN RANCH RD",500.00,S,N,A,-,Y,,,,,,,,,,Y,4,0,1,2,A,-,03,22350,,N,C,C,A,A,H,-,A,D,0,,,,,Y,,D,22,0,0,1,0,0,0,0,0,0,"- ","- ",37.561599999999999,-120.2638,TUOLUMNE,UNINCORPORATED,,
90463552,2017,2017-05-25,9425,2017-05-06,1150,015963,,6,1,9,5500,0,3,5,,1,004,"FOREST SERVICE ROAD 5N14","FOREST SERVICE ROAD 5N02",14784.00,S,N,B,-,N,,,,,,,,,,N,3,0,1,1,A,-,03,22350,,N,F,A,A,A,A,-,A,D,0,,,Y,,Y,,C,02,0,1,0,0,0,0,0,0,1,"- ","- ",38.31664,-120.21522,TUOLUMNE,UNINCORPORATED,-120.21520972,38.316536169999999
90467328,2017,2017-05-30,9425,2017-05-17,1145,014725,,3,1,9,5500,0,2,4,,2,024,"TUOLUMNE ROAD","THE JUNCTION ROAD",0.00,,Y,A,-,N,,,,,,,,,,Y,4,0,1,2,A,-,12,21453,A,N,D,C,A,A,H,-,A,A,0,,,Y,,Y,,A,01,0,0,1,0,0,0,0,0,1,"- ","- ",37.973939999999999,-120.34372999999999,TUOLUMNE,UNINCORPORATED,-120.34372866,37.973868000000003
90469895,2017,2017-06-02,9425,2017-05-19,1420,014853,,5,2,9,5500,0,3,5,,2,001,"BENNETT RD","VINE SPRING ROAD",6.00,N,N,A,-,N,,,,,,,,,,N,2,0,1,1,A,-,08,22107,,N,H,A,A,A,H,-,A,A,0,,,Y,,Y,,C,06,1,0,0,0,0,0,0,0,1,"- ","- ",38.025469999999999,-120.42650999999999,TUOLUMNE,UNINCORPORATED,-120.42644756,38.025435350000002
90471128,2017,2017-06-05,9425,2017-05-29,1108,017461,,1,1,9,5500,0,3,5,,1,004,"OLD PRIEST GRD",SR-120,2640.00,E,N,A,-,N,,,,,,,,,,Y,3,0,1,1,A,-,17,21662,,N,F,A,A,A,H,-,A,D,0,,,Y,,Y,,C,02,0,1,0,0,0,0,0,0,1,"- ","- ",37.814900000000002,-120.27209999999999,TUOLUMNE,UNINCORPORATED,-120.27837306000001,37.816898770000002
90471986,2017,2017-06-06,9425,2017-06-04,1308,017058,,7,1,9,5500,0,2,4,,2,023,"PHOENIX LAKE ROAD","MEADOW BROOK DR",528.00,W,N,A,-,N,,,,,,,,,,Y,4,0,2,2,A,-,09,21804,A,N,A,C,A,A,H,-,A,D,0,,,,,Y,,A,07,0,0,2,0,0,0,0,0,0,"- ","- ",37.591700000000003,-120.1952,TUOLUMNE,UNINCORPORATED,-120.33133647,37.988551919999999
90474484,2017,2017-06-09,9425,2017-06-02,0745,012700,,5,1,9,5500,0,3,5,,2,003,"HUNTS RD","TWAIN HARTE DR",1056.00,W,N,A,-,N,,,,,,,,,,Y,4,0,1,1,A,-,08,22107,,N,E,I,A,A,H,-,A,D,0,,,,,Y,,A,07,0,0,1,0,0,0,0,0,0,"- ","- ",,,TUOLUMNE,UNINCORPORATED,-120.24881065,38.018753459999999
90474497,2017,2017-06-09,9425,2017-06-02,1642,014853,,5,2,9,5500,0,1,3,,2,013,"SR-49 SOUTHBOUND","5TH AVENUE",70.00,N,N,A,-,Y,,,49,,,,,,S,Y,4,0,2,4,A,-,03,22350,,N,C,C,A,A,H,-,A,A,0,,,,,Y,,D,22,0,0,2,0,0,0,0,0,0,"- ","- ",37.958539999999999,-120.41797,TUOLUMNE,UNINCORPORATED,-120.41794732,37.958497199999996
90476287,2017,2017-06-12,9425,2017-06-04,2013,018965,,7,2,9,5500,0,2,4,,2,034,"TUOLUMNE RD","MORRIS RD",459.00,E,N,A,-,N,,,,,,,,,,Y,2,0,1,1,A,-,01,23152,A,N,E,I,A,A,H,-,B,D,0,,,,,Y,Y,A,01,1,0,0,0,0,0,0,0,0,"- ","- ",37.96143,-120.29393,TUOLUMNE,UNINCORPORATED,-120.29380861999999,37.961383910000002
90477164,2017,2017-06-13,9425,2017-06-11,1310,017058,,7,1,9,5500,0,1,3,,2,031,"STATE ROUTE 108","LONG BARN ROAD",10032.00,E,N,A,B,Y,,,,,,,,,,Y,3,0,1,1,A,-,08,22107,,N,E,I,A,A,H,-,A,D,0,,,,,Y,,D,22,0,1,0,0,0,0,0,0,0,"- ","- ",,,TUOLUMNE,UNINCORPORATED,-120.12276654,38.10933473
90482636,2017,2017-06-21,9425,2017-06-14,0952,017058,,3,1,9,5500,0,3,5,,2,003,"TUOLUMNE ROAD NORTH","GERBER ROAD",0.00,,Y,A,-,N,,,,,,,,,,Y,3,0,4,3,A,-,03,22350,,N,C,C,A,A,H,-,A,D,0,,,,,Y,,E,22,0,3,1,0,0,0,0,0,0,"- ","- ",,,TUOLUMNE,UNINCORPORATED,-120.23059988,37.998989909999999
90483615,2017,2017-06-22,9425,2017-06-16,1600,016886,,5,2,9,5500,0,1,3,,2,042,SR-120,"YOSEMITE LAKES ROAD",2640.00,E,N,A,-,Y,,,120,,,,,,,Y,4,0,2,1,A,-,08,22107,,N,E,I,A,A,H,-,A,D,0,,,,,Y,,A,07,0,0,2,0,0,0,0,0,0,"- ","- ",37.816589999999998,-119.93026,TUOLUMNE,UNINCORPORATED,-119.93028078,37.816518010000003
90483860,2017,2017-06-22,9425,2017-06-17,1525,016886,,6,2,9,5500,0,1,3,,2,041,SR-120,"GRIZZLY ROAD",1584.00,E,N,A,-,Y,,,120,,,,,,,Y,3,0,1,1,A,-,08,22107,,N,E,I,A,A,H,-,A,D,0,,,Y,,Y,,C,02,0,1,0,0,0,0,0,0,1,"- ","- ",37.819949999999999,-120.30056999999999,TUOLUMNE,UNINCORPORATED,-120.30066542,37.820069279999998
90486376,2017,2017-06-23,9425,2017-06-21,0950,014725,,3,1,9,5500,0,1,3,,2,022,"STATE ROUTE 49","OLD SONORA COLUMBIA RD",992.00,S,N,A,-,Y,,,49,,,,,,,Y,4,0,3,6,A,-,03,22350,,N,C,C,A,A,H,-,A,D,0,,,,,Y,,D,22,0,0,3,0,0,0,0,0,0,"- ","- ",38.007040000000003,-120.38816,TUOLUMNE,UNINCORPORATED,-120.3880721,38.00712214
90486440,2017,2017-06-23,9425,2017-06-18,0005,020028,,7,3,9,5500,0,1,3,,2,031,"STATE ROUTE 108","TWAIN HARTE DR",6864.00,W,N,A,-,Y,,,108,,,,,,,Y,4,0,1,1,A,-,03,22350,,N,E,I,A,A,H,-,D,D,0,,,,,Y,,A,01,0,0,1,0,0,0,0,0,0,"- ","- ",38.007069999999999,-120.25911000000001,TUOLUMNE,UNINCORPORATED,-120.25907549999999,38.007053599999999
90490413,2017,2017-06-29,9425,2017-06-22,1715,014853,,4,2,9,5500,0,1,3,,2,013,"SR-49 SOUTHBOUND","FIFTH AVENUE",150.00,N,N,A,-,Y,,,49,,,,,,S,Y,3,0,1,3,A,-,04,21703,,N,C,C,A,A,H,-,A,A,0,,,,,Y,,D,22,0,1,0,0,0,0,0,0,0,"- ","- ",37.958570000000002,-120.41783,TUOLUMNE,UNINCORPORATED,-120.4178256,37.958561690000003
90490881,2017,2017-06-29,9425,2017-06-25,2305,018822,,7,3,9,5500,0,3,5,,2,002,"BIG HILL RD","NORTHRIDGE RD",67.00,W,N,A,-,N,,,,,,,,,,Y,4,0,2,1,A,-,08,22107,,N,E,I,A,A,H,-,D,D,0,,,,,Y,,A,01,0,0,2,0,0,0,0,0,0,"- ","- ",38.043930000000003,-120.34272,TUOLUMNE,UNINCORPORATED,-120.34270137,38.04392876
90492392,2017,2017-07-03,9425,2017-06-18,1945,019287,,7,2,9,5500,0,3,5,,2,002,"CAMPO SECO RD","RAILWAY LN",127.00,E,N,A,-,N,,,,,,,,,,N,4,0,1,2,A,-,09,21804,A,N,D,C,A,A,H,-,A,D,0,,,,,Y,,A,08,0,0,1,0,0,0,0,0,0,"- ","- ",37.963470000000001,-120.38421,TUOLUMNE,UNINCORPORATED,-120.38459476,37.963244799999998
90492592,2017,2017-07-03,9425,2017-07-01,0935,016886,,6,1,9,5500,0,1,3,,2,042,SR-120,"GOLDEN ARROW ROAD",4488.00,W,N,A,-,Y,,,120,,,,,,,Y,2,0,3,1,A,-,08,22107,,N,E,I,A,A,H,-,A,D,0,,,,,Y,,A,01,1,1,1,0,0,0,0,0,0,"- ","- ",37.820979999999999,-119.91433000000001,TUOLUMNE,UNINCORPORATED,-119.91426592000001,37.820988040000003
90493805,2017,2017-07-05,9425,2017-06-27,1350,012700,,2,1,9,5500,0,3,5,,2,003,"MIDDLE CAMP RD","JOAQUIN GULLY RD",0.00,,Y,A,-,N,,,,,,,,,,Y,3,0,1,1,A,-,08,22107,,N,E,I,A,A,H,-,A,D,0,,,,,Y,,A,07,0,1,0,0,0,0,0,0,0,"- ","- ",,,TUOLUMNE,UNINCORPORATED,-120.23417996000001,38.050209959999997
90498031,2017,2017-07-11,9425,2017-07-02,1600,019287,,7,2,9,5500,0,3,5,,2,003,"UNKNOWN DIRT TRAIL",UNKNOWN,0.00,,Y,A,-,N,,,,,,,,,,N,2,0,2,1,B,-,22,,,N,F,A,A,A,H,-,A,D,0,,,Y,,Y,,C,02,2,0,0,0,0,0,0,0,2,"- ","- ",,,TUOLUMNE,UNINCORPORATED,,
90498132,2017,2017-07-11,9425,2017-07-03,2230,018559,,1,3,9,5500,0,1,3,,2,013,SR-49,"BELL MOONEY RD",0.00,,Y,A,-,Y,,,49,,,,,,,Y,3,0,2,2,A,-,09,21802,A,F,D,C,A,A,H,-,D,A,0,,,,,Y,,-,99,0,1,1,0,0,0,0,0,0,"- ","- ",37.940080000000002,-120.43438,TUOLUMNE,UNINCORPORATED,-120.43439682,37.940109360000001
90498959,2017,2017-07-12,9425,2017-07-02,1540,019287,,7,2,9,5500,0,3,5,,2,003,"FULLER RD","BLACK OAK DR",25.00,W,N,A,-,N,,,,,,,,,,Y,4,0,2,1,A,-,08,22107,,N,E,I,A,A,H,-,A,D,0,,,,,Y,,D,22,0,0,2,0,0,0,0,0,0,"- ","- ",38.039920000000002,-120.23403999999999,TUOLUMNE,UNINCORPORATED,-120.23414781,38.040082830000003
90499791,2017,2017-07-13,9425,2017-07-07,1700,018965,,5,2,9,5500,0,1,3,,2,011,SR-120,"O'BYRNES FERRY RD.",1056.00,W,N,A,-,Y,,,120,,,,,,,N,3,0,1,1,A,-,08,22107,,N,F,A,A,A,H,-,A,D,0,,,Y,,Y,,C,02,0,1,0,0,0,0,0,0,1,"- ","- ",37.879170000000002,-120.50651999999999,TUOLUMNE,UNINCORPORATED,-120.50655111,37.879183490000003
90502074,2017,2017-07-17,9425,2017-07-13,1330,017058,,4,1,9,5500,0,2,4,,2,026,"MONO WAY","FIR DRIVE",60.00,E,N,A,-,N,,,,,,,,,,N,4,0,1,2,A,-,03,22350,,N,C,C,A,A,H,-,A,D,0,,,,,Y,,A,07,0,0,1,0,0,0,0,0,0,"- ","- ",37.583500000000001,-120.2136,TUOLUMNE,UNINCORPORATED,-120.36024822,37.975913929999997
90511799,2017,2017-07-28,9425,2017-07-23,1230,020028,,7,1,9,5500,0,1,3,,2,031,"STATE ROUTE 108","TWAIN HARTE DR",0.00,,Y,A,-,Y,,,108,,,,,,,Y,4,0,3,2,A,-,09,21802,A,N,C,C,A,A,H,-,A,A,0,,,,,Y,,A,07,0,0,3,0,0,0,0,0,0,"- ","- ",38.019759999999998,-120.24682,TUOLUMNE,UNINCORPORATED,-120.24683037,38.019767760000001
90513697,2017,2017-08-01,9425,2017-07-17,2036,018965,,1,2,9,5500,0,2,4,,2,026,"MONO WAY","SULLIVAN CREEK RD",215.00,W,N,A,-,N,,,,,,,,,,Y,4,0,1,3,A,-,01,23152,A,N,B,C,A,A,H,-,B,D,0,,,,,Y,Y,A,01,0,0,1,0,0,0,0,0,0,"- ","- ",37.975459999999998,-120.35023,TUOLUMNE,UNINCORPORATED,-120.35019636,37.975417810000003
90513781,2017,2017-08-01,9425,2017-07-16,0110,018822,,7,3,9,5500,0,1,3,,1,021,SR-108,"HESS AVE",528.00,W,N,A,-,Y,,,108,,,,,,,Y,4,0,1,1,A,-,01,23152,A,N,E,I,A,A,H,-,C,D,0,,,,,Y,Y,D,22,0,0,1,0,0,0,0,0,0,"- ","- ",37.97916,-120.34052,TUOLUMNE,UNINCORPORATED,-120.34050295999999,37.979080639999999
90518823,2017,2017-08-08,9425,2017-07-28,1730,014853,,5,2,9,5500,0,1,3,,2,013,"STATE ROUTE 49","RAWHIDE ROAD",528.00,S,N,A,-,Y,,,49,,,,,,,Y,3,0,1,1,A,-,04,21703,,N,E,J,A,A,H,-,A,D,0,,,,,Y,,A,01,0,1,0,0,0,0,0,0,0,"- ","- ",37.954050000000002,-120.42462,TUOLUMNE,UNINCORPORATED,-120.42449431999999,37.953995419999998
90520786,2017,2017-08-10,9425,2017-08-03,0255,018822,,4,3,9,5500,0,2,4,,2,034,"TUOLUMNE RD","MORRIS RD",528.00,E,N,A,-,N,,,,,,,,,,Y,3,0,2,1,A,-,08,22107,,N,E,I,A,A,H,-,D,A,0,,,,,Y,,D,22,0,1,1,0,0,0,0,0,0,"- ","- ",37.961179999999999,-120.29401,TUOLUMNE,UNINCORPORATED,-120.293662,37.961533590000002
90520924,2017,2017-08-10,9425,2017-08-06,1818,017403,,7,2,9,5500,0,1,3,,2,041,SR-120,"PRIEST COULTERVILLE RD",2640.00,W,N,A,-,Y,,,,,,,,,,Y,3,0,1,1,A,-,08,22107,,N,F,A,A,A,H,-,A,D,0,,,Y,,Y,,C,02,0,1,0,0,0,0,0,0,1,"- ","- ",,,TUOLUMNE,UNINCORPORATED,-120.2749944,37.819035329999998
90520941,2017,2017-08-10,9425,2017-08-01,0505,018559,,2,3,9,5500,0,3,5,,2,003,"TUOLUMNE RD  N","KNOX RD",749.00,N,N,A,-,N,,,,,,,,,,Y,3,0,1,1,A,-,01,23152,A,N,E,I,A,A,H,-,B,D,0,,,,,Y,Y,A,01,0,1,0,0,0,0,0,0,0,"- ","- ",38.008540000000004,-120.23206999999999,TUOLUMNE,UNINCORPORATED,-120.23235907,38.00837353
90521040,2017,2017-08-10,9425,2017-08-09,1300,014725,,3,1,9,5500,0,1,3,,2,013,"STATE ROUTE 49","CHICKEN RANCH ROAD",0.00,,Y,A,-,Y,,,49,,,,,,,N,4,0,2,2,A,-,09,21802,A,N,D,C,A,A,H,-,A,A,0,,,,,Y,,D,22,0,0,2,0,0,0,0,0,0,"- ","- ",37.935090000000002,-120.44322,TUOLUMNE,UNINCORPORATED,-120.4431846,37.935056549999999
90521111,2017,2017-08-10,9425,2017-08-04,1500,014853,,5,2,9,5500,0,1,3,,2,013,SR-49,SR-108,0.00,,Y,B,-,Y,,,49,,,,,,,Y,3,0,2,2,A,-,09,21802,A,N,D,C,A,A,H,-,A,A,0,,,,,Y,,A,01,0,1,1,0,0,0,0,0,0,"- ","- ",37.96519,-120.39404999999999,TUOLUMNE,UNINCORPORATED,-120.39404286,37.965156989999997
90521663,2017,2017-08-11,9425,2017-08-07,1035,013905,,1,1,9,5500,0,1,3,,1,021,"STATE ROUTE 108","STATE ROUTE 49",0.00,,Y,A,-,Y,,,108,,,,,,,Y,4,0,2,2,A,-,12,22450,A,N,D,C,A,A,H,-,A,A,0,,,,,Y,,E,22,0,0,2,0,0,0,0,0,0,"- ","- ",37.965029999999999,-120.39433,TUOLUMNE,UNINCORPORATED,-120.39397422,37.96517781
90521930,2017,2017-08-11,9425,2017-08-03,1855,014853,,4,2,9,5500,0,3,5,,2,003,"BIG HILL ROAD","CEDARCREST RD",528.00,E,N,A,-,N,,,,,,,,,,Y,3,0,1,1,A,-,01,23152,F,N,E,I,A,A,H,-,A,D,0,,,,,Y,,A,01,0,1,0,0,0,0,0,0,0,"- ","- ",38.039850000000001,-120.35391,TUOLUMNE,UNINCORPORATED,-120.35470429,38.039031340000001
90524943,2017,2017-08-16,9425,2017-08-06,1630,019785,,7,2,9,5500,0,1,3,,2,031,"STATE ROUTE 108","N. SUNSHINE ROAD",0.00,,Y,A,-,Y,,,,,,,,,,Y,4,0,1,2,A,-,01,23152,F,N,D,C,A,A,H,-,A,D,0,,,,,Y,,A,07,0,0,1,0,0,0,0,0,0,"- ","- ",37.999169999999999,-120.2769,TUOLUMNE,UNINCORPORATED,,
90524957,2017,2017-08-16,9425,2017-08-03,2008,018965,,4,2,9,5500,0,1,3,,2,031,SR-108,"SUGAR PINE RD",458.00,W,N,B,-,Y,,,108,,,,,,,Y,3,0,1,1,A,-,01,23152,A,N,E,I,A,A,H,-,D,D,0,,,,,Y,Y,A,07,0,1,0,0,0,0,0,0,0,"- ","- ",38.055750000000003,-120.20161,TUOLUMNE,UNINCORPORATED,-120.20157979,38.055750830000001
9052840,2019,2020-02-27,5501,2019-10-28,1220,JB2,5501,1,5,2,5501,0,0,0,,0,002,"MONO WAY","RESTANO WY",49.00,S,N,A,-,N,,,,,,,,,,N,4,0,2,3,A,-,03,22350,,N,C,C,A,A,H,-,A,A,0,,,,,Y,,A,01,0,0,2,0,0,0,0,0,0,"- ","- ",37.976001739501953,-120.37940216064453,TUOLUMNE,SONORA,-120.379150390625,37.976654052734375
90529826,2017,2017-08-24,9425,2017-08-17,1650,020028,,4,2,9,5500,0,1,3,,2,011,"STATE ROUTE 120","RUSHING HILL LOOKOUT RD",1100.00,E,N,A,-,Y,,,,,,,,,,Y,4,0,1,1,A,-,08,22107,,N,E,I,A,A,H,-,A,D,0,,,,,Y,Y,A,01,0,0,1,0,0,0,0,0,0,"- ","- ",39.8461,-120.55592,TUOLUMNE,UNINCORPORATED,,
90538385,2017,2017-08-31,9425,2017-08-27,1400,020028,,7,2,9,5500,0,3,5,,2,003,"PONDEROSA WAY","GERBER RD",250.00,S,N,A,-,N,,,,,,,,,,N,4,0,1,1,A,-,08,22107,,N,E,I,A,A,H,-,A,D,0,,,,,Y,,A,01,0,0,1,0,0,0,0,0,0,"- ","- ",37.998280000000001,-120.23236,TUOLUMNE,UNINCORPORATED,-120.23143564,37.998594930000003
90542095,2017,2017-09-06,9425,2017-09-01,0925,014725,,5,1,9,5500,0,3,5,,2,001,"RAWHIDE ROAD","OMEGA MINE ROAD",52.00,S,N,A,-,N,,,,,,,,,,Y,3,0,1,1,A,-,03,22350,,N,F,A,A,A,H,-,A,D,0,,,Y,,Y,,C,02,0,1,0,0,0,0,0,0,1,"- ","- ",37.965269999999997,-120.44096,TUOLUMNE,UNINCORPORATED,-120.44116477999999,37.965095159999997
90542169,2017,2017-09-22,9425,2017-09-02,1750,018559,,6,2,9,5500,0,3,5,,2,001,"CAMPO SECO ROAD","GOLDEN OAKS DRIVE",528.00,E,N,A,-,N,,,,,,,,,,N,3,0,1,1,A,-,08,22107,,N,F,A,A,A,H,-,A,D,0,,,Y,,Y,,C,02,0,1,0,0,0,0,0,0,1,"- ","- ",37.947360000000003,-120.41070999999999,TUOLUMNE,UNINCORPORATED,-120.41104638,37.946717249999999
90545951,2017,2017-09-12,9425,2017-08-30,1730,014853,,3,2,9,5500,0,3,5,,2,002,"BIG HILL ROAD","SAWMILL FLAT RD",5808.00,E,N,A,-,N,,,,,,,,,,Y,4,0,1,1,A,-,08,22107,,N,E,I,A,A,H,-,A,D,0,,,,,Y,,A,01,0,0,1,0,0,0,0,0,0,"- ","- ",38.039470000000001,-120.3653,TUOLUMNE,UNINCORPORATED,-120.36556766,38.039078809999999
90546672,2017,2017-09-13,9425,2017-09-08,1555,018965,,5,2,9,5500,0,1,3,,2,031,"SR-108 E/B","SOULSBYVILLE RD",373.00,E,N,A,-,Y,,,108,,,,,,E,Y,3,0,1,1,A,-,08,22107,,N,F,A,A,A,H,-,A,D,0,,,Y,,Y,,C,02,0,1,0,0,0,0,0,0,1,"- ","- ",37.997250000000001,-120.26625,TUOLUMNE,UNINCORPORATED,-120.26622728,37.997216160000001
90548484,2017,2017-09-15,9425,2017-09-06,1522,017461,,3,2,9,5500,0,1,3,,2,011,"SR-120 W/B","TULLOCH DAM RD",528.00,E,N,A,-,Y,,,120,,,,,,W,Y,3,0,1,1,A,-,08,22107,,N,F,A,A,A,H,-,A,D,0,,,,,Y,,A,07,0,1,0,0,0,0,0,0,0,"- ","- ",37.838799999999999,-120.6266,TUOLUMNE,UNINCORPORATED,-120.62637081,37.838695139999999
90548752,2017,2017-09-15,9425,2017-09-11,2050,016812,,1,2,9,5500,0,3,5,,2,001,"JAMESTOWN RD","WHISKEY CREEK RD",1584.00,S,N,B,C,N,,,,,,,,,,Y,3,0,1,1,A,-,01,23152,A,N,E,I,A,B,H,-,D,D,0,,,,,Y,Y,D,22,0,1,0,0,0,0,0,0,0,"- ","- ",37.983060000000002,-120.41719999999999,TUOLUMNE,UNINCORPORATED,-120.41719079000001,37.983295339999998
90551061,2017,2017-10-02,9425,2017-05-29,1730,017461,,1,2,9,5500,0,3,5,,1,004,"OLD PRIEST GRADE",SR-120,1056.00,E,N,A,-,N,,,,,,,,,,Y,1,1,2,2,A,-,17,21662,,N,E,I,A,A,H,-,A,D,0,,,,,Y,,D,22,1,1,0,0,0,0,0,0,0,"- ","- ",37.809399999999997,-120.2814,TUOLUMNE,UNINCORPORATED,-120.29616772999999,37.816147739999998
90551899,2017,2017-09-20,9425,2017-09-11,1640,020028,,1,2,9,5500,0,3,5,,2,002,"LIME KILN RD","ALGERINE-WARDS FERRY RD",175.00,N,N,A,-,N,,,,,,,,,,N,4,0,2,1,A,-,08,22107,,N,E,I,A,A,H,-,A,D,0,,,,,Y,,A,01,0,0,2,0,0,0,0,0,0,"- ","- ",37.95693,-120.30634999999999,TUOLUMNE,UNINCORPORATED,-120.35051794,37.906450339999999
90554251,2017,2017-09-22,9425,2017-09-20,1440,020028,,3,2,9,5500,0,1,3,,2,022,SR-49,"DOSSI WAY",15.00,S,N,A,-,Y,,,49,,,,,,,N,4,0,1,2,A,-,03,22350,,N,C,C,A,A,H,-,A,D,0,,,,,Y,,D,22,0,0,1,0,0,0,0,0,0,"- ","- ",38.000520000000002,-120.38356,TUOLUMNE,UNINCORPORATED,-120.38359835999999,38.00051457
90554280,2017,2017-09-22,9425,2017-09-14,1515,018965,,4,2,9,5500,0,1,3,,2,022,SR-49,"JACK PAGE RD",1130.00,N,N,A,-,Y,,,49,,,,,,,N,4,0,1,2,A,-,03,22350,,N,C,C,A,A,H,-,A,D,0,,,,,Y,,A,01,0,0,1,0,0,0,0,0,0,"- ","- ",38.006659999999997,-120.38766,TUOLUMNE,UNINCORPORATED,-120.38764947,38.006669840000001
90556383,2017,2017-09-26,9425,2017-09-23,1447,018965,,6,2,9,5500,0,3,5,,2,002,"YANKEE HILL RD","COLUMBIA VISTA",804.00,W,N,A,-,N,,,,,,,,,,N,3,0,2,1,A,-,08,22107,,N,F,A,A,A,H,-,A,D,0,,,,,Y,,E,22,0,2,0,0,0,0,0,0,0,"- ","- ",38.035519999999998,-120.39409000000001,TUOLUMNE,UNINCORPORATED,-120.39396623,38.035574529999998
90557068,2017,2017-09-27,9425,2017-09-20,0125,018822,,3,3,9,5500,0,1,3,,2,011,"SR-120 W/B","TULLOCH DAM RD",1056.00,E,N,A,-,Y,,,120,,,,,,W,Y,4,0,1,1,A,-,08,22107,,N,E,I,A,A,H,-,D,D,0,,,,,Y,,D,22,0,0,1,0,0,0,0,0,0,"- ","- ",37.843919999999997,-120.6193,TUOLUMNE,UNINCORPORATED,-120.61930153,37.843923099999998
90558405,2017,2017-10-05,9425,2017-09-26,1220,017403,,2,1,9,5500,0,1,3,,1,044,SR-132,"BONDS FLAT RD",0.00,,N,A,-,Y,,,,,,,,,,Y,4,0,1,1,A,-,08,22107,,N,F,A,A,A,H,-,A,D,0,,,,,Y,,D,22,0,0,1,0,0,0,0,0,0,"- ","- ",,,TUOLUMNE,UNINCORPORATED,-120.36187993999999,37.679159890000001
90564093,2017,2017-10-05,9425,2017-09-28,0820,014725,,4,1,9,5500,0,1,3,,2,013,"STATE ROUTE 49","FIFTH AVENUE",216.00,N,N,A,-,Y,,,49,,,,,,,Y,4,0,1,3,A,-,03,22350,,N,C,C,A,A,D,-,A,D,0,,,,,Y,,D,22,0,0,1,0,0,0,0,0,0,"- ","- ",37.958730000000003,-120.41755999999999,TUOLUMNE,UNINCORPORATED,-120.41754859,37.958708459999997
90569933,2017,2017-10-13,9425,2017-10-08,1125,018965,,7,1,9,5500,0,1,3,,2,031,SR-108,"KOINONIA CT",528.00,W,N,A,-,Y,,,108,,,,,,,Y,2,0,1,1,A,-,08,22107,,N,F,A,A,A,H,-,A,D,0,,,Y,,Y,,C,02,1,0,0,0,0,0,0,0,1,"- ","- ",38.065930000000002,-120.18145,TUOLUMNE,UNINCORPORATED,-120.18153009,38.065963230000001
90570050,2017,2017-10-13,9425,2017-10-07,1215,014725,,6,1,9,5500,0,2,4,,2,026,"MONO WAY","TUOLUMNE ROAD",0.00,,Y,A,-,N,,,,,,,,,,Y,3,0,3,2,A,-,12,21453,A,N,D,C,A,A,H,-,A,A,0,,,,,Y,,D,22,0,2,1,0,0,0,0,0,0,"- ","- ",37.974699999999999,-120.34617,TUOLUMNE,UNINCORPORATED,-120.34623998000001,37.974749889999998
90570329,2017,2017-10-13,9425,2017-10-10,1613,018965,,2,2,9,5500,0,1,3,,2,022,SR-49,"JACKASS HILL RD",215.00,S,N,A,-,Y,,,49,,,,,,,Y,2,0,1,1,A,-,08,22107,,N,F,A,A,A,H,-,A,D,0,,,Y,,Y,,C,02,1,0,0,0,0,0,0,0,1,"- ","- ",37.989420000000003,-120.47292,TUOLUMNE,UNINCORPORATED,-120.47290981,37.989430290000001