CASE_ID,ACCIDENT_YEAR,PROC_DATE,JURIS,COLLISION_DATE,COLLISION_TIME,OFFICER_ID,REPORTING_DISTRICT,DAY_OF_WEEK,CHP_SHIFT,POPULATION,CNTY_CITY_LOC,SPECIAL_COND,BEAT_TYPE,CHP_BEAT_TYPE,CITY_DIVISION_LAPD,CHP_BEAT_CLASS,BEAT_NUMBER,PRIMARY_RD,SECONDARY_RD,DISTANCE,DIRECTION,INTERSECTION,WEATHER_1,WEATHER_2,STATE_HWY_IND,CALTRANS_COUNTY,CALTRANS_DISTRICT,STATE_ROUTE,ROUTE_SUFFIX,POSTMILE_PREFIX,POSTMILE,LOCATION_TYPE,RAMP_INTERSECTION,SIDE_OF_HWY,TOW_AWAY,COLLISION_SEVERITY,NUMBER_KILLED,NUMBER_INJURED,PARTY_COUNT,PRIMARY_COLL_FACTOR,PCF_CODE_OF_VIOL,PCF_VIOL_CATEGORY,PCF_VIOLATION,PCF_VIOL_SUBSECTION,HIT_AND_RUN,TYPE_OF_COLLISION,MVIW,PED_ACTION,ROAD_SURFACE,ROAD_COND_1,ROAD_COND_2,LIGHTING,CONTROL_DEVICE,CHP_ROAD_TYPE,PEDESTRIAN_ACCIDENT,BICYCLE_ACCIDENT,MOTORCYCLE_ACCIDENT,TRUCK_ACCIDENT,NOT_PRIVATE_PROPERTY,ALCOHOL_INVOLVED,STWD_VEHTYPE_AT_FAULT,CHP_VEHTYPE_AT_FAULT,COUNT_SEVERE_INJ,COUNT_VISIBLE_INJ,COUNT_COMPLAINT_PAIN,COUNT_PED_KILLED,COUNT_PED_INJURED,COUNT_BICYCLIST_KILLED,COUNT_BICYCLIST_INJURED,COUNT_MC_KILLED,COUNT_MC_INJURED,PRIMARY_RAMP,SECONDARY_RAMP,LATITUDE,LONGITUDE,COUNTY,CITY,POINT_X,POINT_Y
9221495,2020,2021-02-19,5501,2020-07-09,1625,JB2,5501,4,5,2,5501,0,0,0,,0,001,"SOUTH WASHINGTON ST","STOCKTON ST",0.00,,Y,A,-,Y,TUO,10,49,-,-,17.965,I,5,N,N,4,0,1,2,A,-,09,21453,B,N,G,B,B,A,H,-,A,A,0,Y,,,,Y,,D,22,0,0,1,0,1,0,0,0,0,"- ","- ",37.983089447021484,-120.38214874267578,TUOLUMNE,SONORA,-120.38220977783203,37.982906341552734
92224080,2023,2023-10-31,9425,2023-10-11,1620,019489,,3,2,9,5500,0,1,3,,1,021,"STATE ROUTE 108","PEACEFUL OAK RD",20.00,W,N,A,-,Y,TUO,,108," ",R,4.509,H,,R,N,4,0,1,2,A,-,03,22350,,N,C,C,A,A,H,-,A,D,0,,,,,Y,,A,07,0,0,1,0,0,0,0,0,0,"- ","- ",37.980438232421875,-120.31707763671875,TUOLUMNE,UNINCORPORATED,-120.31707763671875,37.980453491210938
92224644,2023,2023-10-31,9425,2023-10-24,1355,016921,,2,1,9,5500,0,3,5,,2,001,"JAMESTOWN RD","MOUNT BROW RD",0.00,,Y,A,-,N,,,,,,,,,,Y,4,0,2,2,A,-,09,21801,A,N,B,3,A,A,H,-,A,D,0,,,,,Y,,A,01,0,0,2,0,0,0,0,0,0,"- ","- ",38.00469970703125,-120.40608215332031,TUOLUMNE,UNINCORPORATED,-120.40606689453125,38.004676818847656
92224666,2023,2023-10-31,9425,2023-10-25,"655 ",014853,,3,1,9,5500,0,1,3,,2,022,SR-49,"SPRINGFIELD ROAD",780.00,S,N,A,-,Y,TUO,,49," "," ",21.496,H,,R,Y,4,0,1,2,A,-,03,22350,,N,B,C,A,A,H,-,D,D,0,,,,,Y,,A,07,0,0,1,0,0,0,0,0,0,"- ","- ",38.011699676513672,-120.41510009765625,TUOLUMNE,UNINCORPORATED,-120.41510009765625,38.011711120605469
92225622,2023,2023-11-01,9425,2023-06-25,"842 ",017403,,7,1,9,5500,0,1,3,,2,041,SR-120,"EAST RIVER RD",750.00,E,N,A,-,Y,TUO,,120," "," ",25.909,H,,R,Y,1,1,0,2,A,-,05,21460,A,N,A,C,A,A,H,-,A,D,0,,,Y,,Y,,C,02,0,0,0,0,0,0,0,1,0,"- ","- ",37.82025146484375,-120.30027770996094,TUOLUMNE,UNINCORPORATED,-120.30027770996094,37.820232391357422
92226660,2023,2023-11-22,9425,2023-10-26,1310,016540,,4,1,9,5500,0,1,3,,1,021,SR-108,"STOCKTON ROAD",1056.00,E,N,A,-,Y,TUO,,108," ",R,0.282,H,,R,Y,4,0,2,2,A,-,09,21804,A,N,D,C,A,A,H,-,A,D,0,,,,,Y,,A,01,0,0,2,0,0,0,0,0,0,"- ","- ",37.964981079101562,-120.38881683349609,TUOLUMNE,UNINCORPORATED,-120.38881683349609,37.965007781982422
92226777,2023,2023-11-02,9425,2023-10-28,1120,017822,,6,1,9,5500,0,3,5,,2,001,"O'BYRNES FERRY ROAD","PEORIA FLAT RD",0.00,,Y,A,-,N,,,,,,,,,,Y,2,0,1,2,A,-,09,21802,A,N,A,C,A,A,H,-,A,A,0,,,Y,,Y,,D,22,1,0,0,0,0,0,0,0,1,"- ","- ",37.888301849365234,-120.50151824951172,TUOLUMNE,UNINCORPORATED,-120.5015869140625,37.888351440429688
92226807,2023,2023-11-02,9425,2023-06-25,1057,018251,,7,1,9,5500,0,1,3,,2,011,"STATE ROUTE 120 W/B","TULLOCH DAM ROAD",7392.00,E,N,A,-,Y,TUO,,120," ",R,2.639,H,,L,Y,1,1,1,3,A,-,07,21658,A,F,E,9,A,A,H,-,A,D,0,,,,,Y,,A,07,1,0,0,0,0,0,0,0,0,"- ","- ",37.846900939941406,-120.60584259033203,TUOLUMNE,UNINCORPORATED,-120.60585784912109,37.846954345703125
92231050,2023,2023-11-08,9425,2023-10-13,1240,016921,,5,1,9,5500,0,1,3,,2,032,SR-108,"KENNEDY MEADOW ROAD",3696.00,W,N,A,-,Y,TUO,,108," "," ",57.278,H,,R,Y,1,1,0,1,A,-,08,22107,,N,E,8,A,A,H,-,A,D,0,,,Y,,Y,,C,02,0,0,0,0,0,0,0,1,0,"- ","- ",38.331619262695312,-119.75971984863281,TUOLUMNE,UNINCORPORATED,-119.75972747802734,38.331577301025391
92231199,2023,2023-11-08,9425,2023-10-31,2335,019773,,2,3,9,5500,0,3,5,,2,003,"CHEROKEE RD","NONIES RD",1100.00,S,N,A,-,N,,,,,,,,,,N,4,0,1,1,A,-,08,22107,,N,E,I,A,A,H,-,D,D,0,,,,,Y,,A,01,0,0,1,0,0,0,0,0,0,"- ","- ",37.972660064697266,-120.25389099121094,TUOLUMNE,UNINCORPORATED,-120.25392913818359,37.972633361816406
92234400,2023,2023-11-13,9425,2023-10-28,1510,019287,,6,2,9,5500,0,3,5,,2,002,"OLD WARDS FERRY RD","JUSTICE CENTER DR",2550.00,S,N,A,-,N,,,,,,,,,,Y,3,0,1,2,A,-,01,23152,A,N,A,C,A,A,H,-,A,D,0,,,,,Y,Y,A,07,0,1,0,0,0,0,0,0,0,"- ","- ",37.962020874023438,-120.35993957519531,TUOLUMNE,UNINCORPORATED,-120.36172485351562,37.964252471923828
92235486,2023,2023-11-14,9425,2023-11-05,1325,017403,,7,1,9,5500,0,3,5,,1,004,"OLD PRIEST GRADE","PRIEST COULTERVILLE RD",2112.00,W,N,B,C,N,,,,,,,,,,N,2,0,1,1,A,-,08,22107,,N,E,I,A,B,H,-,A,D,0,,,Y,,Y,,C,02,1,0,0,0,0,0,0,0,1,"- ","- ",37.817619323730469,-120.27815246582031,TUOLUMNE,UNINCORPORATED,-120.27744293212891,37.817535400390625
92236043,2023,2023-11-14,9425,2023-11-03,2105,021468,,5,2,9,5500,0,3,5,,2,002,"CEDAR ROAD","CABEZUT RD",45.00,N,N,A,-,N,,,,,,,,,,Y,3,0,1,1,A,-,01,23152,A,N,F,A,A,A,H,-,D,D,0,,,,,Y,Y,A,07,0,1,0,0,0,0,0,0,0,"- ","- ",37.986270904541016,-120.36609649658203,TUOLUMNE,UNINCORPORATED,-120.36599731445312,37.986274719238281
92237210,2023,2023-11-15,9425,2023-11-12,1430,021468,,7,2,9,5500,0,3,5,,2,002,"HESS AVE","MONO WAY",1000.00,S,N,A,-,N,,,,,,,,,,N,4,0,1,1,A,-,08,22107,,N,E,I,A,A,H,-,A,D,0,,,,,Y,,A,07,0,0,1,0,0,0,0,0,0,"- ","- ",37.976589202880859,-120.33316802978516,TUOLUMNE,UNINCORPORATED,-120.333251953125,37.9766845703125
92238096,2023,2023-11-16,9425,2023-11-13,1429,019489,,1,2,9,5500,0,1,3,,2,011,"SR-120 E/B",SR-108,135.00,W,N,A,-,Y,TUO,,120," "," ",12.050,H,,R,Y,4,0,1,3,A,-,03,22350,,N,C,C,A,A,H,-,A,A,0,,,,,Y,,A,01,0,0,1,0,0,0,0,0,0,"- ","- ",37.890998840332031,-120.48872375488281,TUOLUMNE,UNINCORPORATED,-120.48876190185547,37.891071319580078
92246314,2023,2023-11-28,9425,2023-11-18,1500,016921,,6,2,9,5500,0,1,3,,2,022,SR-49,"SHAWS FLAT RD",50.00,S,N,B,C,Y,TUO,,49," "," ",20.856,H,,R,Y,3,0,1,3,A,-,03,22350,,N,C,C,A,B,H,-,A,D,0,,,,,Y,,A,07,0,1,0,0,0,0,0,0,0,"- ","- ",38.011661529541016,-120.40379333496094,TUOLUMNE,UNINCORPORATED,-120.40377807617188,38.011642456054688
92246368,2023,2023-11-28,9425,2023-11-23,1750,021474,,4,2,9,5500,0,1,3,,2,013,SR-49,"WOODS WAY",85.00,N,N,A,-,Y,TUO,,49," "," ",14.088,H,,R,N,2,0,1,2,A,-,11,21954,A,N,G,B,E,A,H,-,D,D,0,Y,,,,Y,,N,60,1,0,0,0,1,0,0,0,0,"- ","- ",37.947219848632812,-120.42597198486328,TUOLUMNE,UNINCORPORATED,-120.42600250244141,37.947227478027344
92253827,2023,2023-12-06,9425,2023-12-04,1035,016540,,1,1,9,5500,0,1,3,,1,021,SR-108,"WASHINGTON ST",30.00,W,N,A,-,Y,TUO,,108," ",R,0.900,H,,R,N,4,0,2,2,A,-,21,22106,,N,C,C,A,A,H,-,A,A,0,,,,,Y,,A,08,0,0,2,0,0,0,0,0,0,"- ","- ",37.967681884765625,-120.3785400390625,TUOLUMNE,UNINCORPORATED,-120.37854766845703,37.967689514160156
92263089,2023,2023-12-15,9425,2023-12-02,1917,022049,,6,2,9,5500,0,3,5,,2,003,"TWAIN HARTE DR","PONDEROSA DR",540.00,E,N,A,-,N,,,,,,,,,,Y,3,0,1,1,A,-,01,23152,A,N,E,I,A,A,H,-,D,D,0,,,,,Y,Y,D,22,0,1,0,0,0,0,0,0,0,"- ","- ",38.027961730957031,-120.24147033691406,TUOLUMNE,UNINCORPORATED,-120.24063110351562,38.025089263916016
92265907,2023,2023-12-19,9425,2023-12-07,1812,020575,,4,2,9,5500,0,2,4,,2,014,"LA GRANGE ROAD","OLD DON PEDRO RD",1584.00,S,N,B,-,N,,,,,,,,,,Y,3,0,1,1,A,-,08,22107,,N,F,A,A,A,H,-,D,D,0,,,,,Y,,A,01,0,1,0,0,0,0,0,0,0,"- ","- ",37.821720123291016,-120.47413635253906,TUOLUMNE,UNINCORPORATED,-120.47421264648438,37.821647644042969
92265911,2023,2023-12-19,9425,2023-12-08,"520 ",021468,,5,3,9,5500,0,2,4,,2,014,"LA GRANGE ROAD","JASPER ROAD",255.00,S,N,A,-,N,,,,,,,,,,Y,3,0,2,2,A,-,05,21460,A,N,D,2,A,A,H,-,D,D,0,,,,,Y,,A,01,0,1,1,0,0,0,0,0,0,"- ","- ",37.834468841552734,-120.50090789794922,TUOLUMNE,UNINCORPORATED,-120.50094604492188,37.834491729736328
92265919,2023,2023-12-19,9425,2023-12-07,1805,018821,,4,2,9,5500,0,1,3,,2,013,SR-49,"WIGWAM RD.",200.00,S,N,B,-,Y,TUO,,49," "," ",15.363,H,,R,N,4,0,1,2,A,-,08,22107,,F,G,B,E,B,H,-,D,D,0,Y,,,,Y,,-,99,0,0,1,0,1,0,0,0,0,"- ","- ",37.96099853515625,-120.41307830810547,TUOLUMNE,UNINCORPORATED,-120.4130859375,37.961009979248047
92265944,2023,2023-12-19,9425,2023-12-12,1808,019918,,2,2,9,5500,0,2,4,,2,026,"MONO WAY","SULLIVAN CREEK RD",0.00,,Y,A,-,N,,,,,,,,,,Y,4,0,2,2,A,-,09,21802,A,N,D,C,A,A,H,-,C,D,0,,,,,Y,,A,01,0,0,2,0,0,0,0,0,0,"- ","- ",37.975578308105469,-120.34942626953125,TUOLUMNE,UNINCORPORATED,-120.349405,37.975482999999997
92269465,2023,2023-12-22,9425,2023-12-12,2056,019918,,2,2,9,5500,0,1,3,,2,011,SR-120,"RUSHING HILL LOOKOUT RD",2640.00,E,N,A,-,Y,TUO,,120," ",R,5.753,H,,R,Y,3,0,2,1,A,-,08,22107,,N,E,I,A,A,H,-,D,D,0,,,,,Y,,A,01,0,1,1,0,0,0,0,0,0,"- ","- ",37.845119476318359,-120.54947662353516,TUOLUMNE,UNINCORPORATED,-120.54946899414062,37.845149993896484
92269468,2023,2023-12-22,9425,2023-12-16,1625,016886,,6,2,9,5500,0,1,3,,1,043,"STATE ROUTE 49","MARSHES FLAT ROAD",4752.00,S,N,A,-,Y,TUO,,49," "," ",4.821,H,,R,Y,3,0,1,1,A,-,08,22107,,N,E,I,A,A,H,-,A,D,0,,,,,Y,,A,07,0,1,0,0,0,0,0,0,0,"- ","- ",37.800418853759766,-120.28903198242188,TUOLUMNE,UNINCORPORATED,-120.28907012939453,37.800392150878906
92272072,2023,2023-12-27,9425,2023-12-17,"625 ",018559,,7,1,9,5500,0,1,3,,1,021,SR-108,"OLD WARDS FERRY RD",1056.00,E,N,A,-,Y,TUO,,108," ",R,1.762,H,,R,Y,3,0,1,1,A,-,01,23152,A,N,E,8,A,A,H,-,D,D,0,,,,,Y,Y,D,22,0,1,0,0,0,0,0,0,0,"- ","- ",37.971401214599609,-120.36360931396484,TUOLUMNE,UNINCORPORATED,-120.36365509033203,37.971462249755859
92272721,2023,2024-02-06,9425,2023-12-26,1145,016540,,2,1,9,5500,0,1,3,,1,021,SR-108,"HESS AVENUE",2860.00,W,N,B,-,Y,TUO,,108," ",R,2.883,H,,R,Y,2,0,3,3,A,-,03,22350,,N,C,C,A,A,H,-,A,D,0,,,,,Y,,A,07,1,0,2,0,0,0,0,0,0,"- ","- ",37.978221893310547,-120.34633636474609,TUOLUMNE,UNINCORPORATED,-120.34634399414062,37.978233337402344
92273744,2023,2023-12-28,9425,2023-12-25,1035,018559,,1,1,9,5500,0,1,3,,2,041,SR-120,"FERRETTI RD",230.00,E,N,A,-,Y,TUO,,120," "," ",32.604,H,,R,Y,4,0,4,2,A,-,03,22350,,N,C,C,A,A,H,-,A,A,0,,,,,Y,,A,07,0,0,4,0,0,0,0,0,0,"- ","- ",37.839828491210938,-120.22451782226562,TUOLUMNE,UNINCORPORATED,-120.22451782226562,37.839839935302734
92281656,2023,2024-01-08,9425,2023-12-28,2210,019773,,4,3,9,5500,0,3,5,,2,003,"FISH HATCHERY RD","BUCHANAN RD",7392.00,E,N,A,-,N,,,,,,,,,,Y,3,0,3,1,A,-,08,22107,,N,E,I,A,A,H,-,D,D,0,,,,,Y,,A,01,0,3,0,0,0,0,0,0,0,"- ","- ",37.996749877929688,-120.17986297607422,TUOLUMNE,UNINCORPORATED,-120.19431304931641,37.993579864501953
92282983,2024,2024-01-09,9425,2024-01-01,1510,018559,,1,2,9,5500,0,2,4,,2,024,"TUOLUMNE RD","TERRACE DR",360.00,W,N,A,-,N,,,,,,,,,,N,2,0,1,2,A,-,00,21760,C,F,B,G,A,A,H,-,A,A,0,,Y,,,Y,,-,99,1,0,0,0,0,0,1,0,0,"- ","- ",37.973899841308594,-120.34403991699219,TUOLUMNE,UNINCORPORATED,-120.34394836425781,37.973915100097656
92283850,2024,2024-01-10,9425,2024-01-07,1145,016812,,7,1,9,5500,0,3,5,,2,001,"CAMPO SECO RD","SECO TERRACE DR",466.00,W,N,A,-,N,,,,,,,,,,Y,3,0,1,1,A,-,08,22107,,N,E,I,A,B,H,-,A,D,0,,,,,Y,,D,22,0,1,0,0,0,0,0,0,0,"- ","- ",37.949619293212891,-120.40776062011719,TUOLUMNE,UNINCORPORATED,-120.40770721435547,37.949653625488281
92287645,2024,2024-01-16,9425,2024-01-03,1845,021468,,3,2,9,5500,0,2,4,,2,014,"LA GRANGE ROAD",SR-120,100.00,S,N,A,-,Y,,,,,,,,,,Y,4,0,1,1,A,-,08,22107,,N,E,8,A,A,H,-,C,D,0,,,,,Y,,A,07,0,0,1,0,0,0,0,0,0,"- ","- ",37.84307861328125,-120.50765991210938,TUOLUMNE,UNINCORPORATED,-120.50785064697266,37.843135833740234
92287797,2024,2024-01-16,9425,2024-01-04,1225,019287,,4,1,9,5500,0,3,5,,2,001,"O'BYRNES FERRY RD.","NEW PEORIA FLAT RD",6864.00,N,N,A,-,N,,,,,,,,,,Y,4,0,1,2,A,-,03,22350,,N,C,C,A,A,H,-,A,D,0,,,,,Y,,A,07,0,0,1,0,0,0,0,0,0,"- ","- ",37.888309478759766,-120.52481079101562,TUOLUMNE,UNINCORPORATED,-120.52423095703125,37.888298034667969
92288966,2023,2024-01-17,9425,2023-12-28,2300,021468,,4,3,9,5500,0,3,5,,2,003,"LONGEWAY RD","HUNTS RD",79.00,N,N,A,-,N,,,,,,,,,,Y,4,0,1,1,A,-,01,23152,A,N,E,8,A,A,H,-,D,D,0,,,,,Y,Y,A,01,0,0,1,0,0,0,0,0,0,"- ","- ",38.008678436279297,-120.25914001464844,TUOLUMNE,UNINCORPORATED,-120.25906372070312,38.008697509765625
92291604,2024,2024-01-19,9425,2024-01-18,"745 ",019773,,4,1,9,5500,0,3,5,,2,001,"JAMESTOWN RD","WHISKEY CREEK RD",211.00,S,N,A,-,N,,,,,,,,,,N,3,0,1,2,A,-,05,21460,A,N,E,8,A,A,H,-,A,D,0,,,,,Y,,A,01,0,1,0,0,0,0,0,0,0,"- ","- ",37.983608245849609,-120.41706848144531,TUOLUMNE,UNINCORPORATED,-120.4144287109375,37.986274719238281
92293347,2024,2024-01-22,9425,2024-01-06,1730,021474,,6,2,9,5500,0,1,3,,2,031,SR-108,"SOULSBYVILLE RD",3643.00,E,N,B,D,Y,TUO,,108," "," ",8.254,H,,R,Y,4,0,2,2,A,-,03,22350,,N,D,C,A,C,G,-,D,A,0,,,,,Y,,D,22,0,0,2,0,0,0,0,0,0,"- ","- ",38.004840850830078,-120.26007843017578,TUOLUMNE,UNINCORPORATED,-120.25978851318359,38.004798889160156
92305846,2024,2024-02-05,9425,2024-01-23,"100 ",021468,,2,3,9,5500,0,1,3,,2,011,SR-120,"PERRI CONE ROAD",225.00,E,N,E,-,Y,TUO,,120," "," ",14.263,H,,R,Y,2,0,1,1,A,-,01,23152,F,N,E,I,A,B,H,-,D,D,0,,,,,Y,,D,22,1,0,0,0,0,0,0,0,0,"- ","- ",37.880100250244141,-120.45644378662109,TUOLUMNE,UNINCORPORATED,-120.45643615722656,37.880062103271484
92312673,2024,2024-02-13,9425,2024-01-29,1330,017403,,1,1,9,5500,0,1,3,,2,042,SR-120,"GOLDEN ARROW",1000.00,E,N,A,-,Y,,,,,,,,,,Y,3,0,1,1,A,-,08,22107,,N,F,A,A,A,H,-,A,D,0,,,,,Y,,A,01,0,1,0,0,0,0,0,0,0,"- ","- ",37.811000823974609,-119.90010070800781,TUOLUMNE,UNINCORPORATED,-119.90032196044922,37.811294555664062
92312827,2024,2024-02-13,9425,2024-02-06,"430 ",021468,,2,3,9,5500,0,1,3,,2,013,SR-49,SR-120,2112.00,N,N,B,-,Y,TUO,,49," ",R,9.228,H,,R,Y,3,0,1,1,A,-,08,22107,,N,F,A,A,B,H,-,D,D,0,,,,,Y,,D,22,0,1,0,0,0,0,0,0,0,"- ","- ",37.880828857421875,-120.43665313720703,TUOLUMNE,UNINCORPORATED,-120.43669128417969,37.880817413330078
92313212,2024,2024-02-13,9425,2024-02-11,1715,018644,,7,2,9,5500,0,3,5,,2,002,"SAWMILL FLAT RD","MARCUS LN",575.00,E,N,A,-,N,,,,,,,,,,N,3,0,2,1,A,-,08,22107,,N,F,A,A,A,H,-,A,D,0,,,,,Y,,D,22,0,2,0,0,0,0,0,0,0,"- ","- ",38.022781372070312,-120.38038635253906,TUOLUMNE,UNINCORPORATED,-120.38053894042969,38.022747039794922
92314011,2024,2024-02-14,9425,2024-01-03,2330,021474,,3,3,9,5500,0,3,5,,2,002,"SAWMILL FLAT RD","SQUABBLE TOWN RD",195.00,N,N,A,-,N,,,,,,,,,,Y,3,0,2,1,A,-,01,23152,A,F,E,I,A,B,H,-,D,D,0,,,,,Y,Y,A,01,0,2,0,0,0,0,0,0,0,"- ","- ",38.019588470458984,-120.38800811767578,TUOLUMNE,UNINCORPORATED,-120.38716125488281,38.019802093505859
92325441,2024,2024-02-28,9425,2024-02-20,"615 ",018559,,2,1,9,5500,0,3,5,,2,001,"RAWHIDE RD","PULPIT ROCK RD",1584.00,N,N,B,-,N,,,,,,,,,,N,3,0,1,1,A,-,08,22107,,N,E,8,A,B,H,-,B,A,0,,,,,Y,,A,01,0,1,0,0,0,0,0,0,0,"- ","- ",37.960899353027344,-120.42559814453125,TUOLUMNE,UNINCORPORATED,-120.42575836181641,37.960971832275391
92325445,2024,2024-02-28,9425,2024-02-20,1645,016812,,2,2,9,5500,0,1,3,,2,011,"SR-120 W/B","TULLOCH DAM RD",5808.00,E,N,B,C,Y,TUO,,120," ",R,2.451,H,,L,Y,3,0,3,1,A,-,08,22107,,N,F,A,A,B,H,-,A,D,0,,,,,Y,,A,07,0,1,2,0,0,0,0,0,0,"- ","- ",37.846771240234375,-120.60926818847656,TUOLUMNE,UNINCORPORATED,-120.60926818847656,37.846824645996094
92325452,2024,2024-02-28,9425,2024-02-23,1120,019287,,5,1,9,5500,0,3,5,,2,002,"OLD PHOENIX LAKE RD","WATER OAK DR",80.00,W,N,A,-,N,,,,,,,,,,Y,4,0,1,2,A,-,05,21460,A,N,B,C,A,A,H,-,A,D,0,,,,,Y,,A,01,0,0,1,0,0,0,0,0,0,"- ","- ",38.014518737792969,-120.28446960449219,TUOLUMNE,UNINCORPORATED,-120.28444671630859,38.014541625976562
92329338,2024,2024-03-04,9425,2024-02-25,1630,017403,,7,2,9,5500,0,1,3,,1,043,SR-49,"MARSHES FLAT",2640.00,S,N,A,-,Y,TUO,,49," "," ",5.116,H,,R,Y,3,0,1,1,A,-,08,22107,,N,F,A,A,A,H,-,A,D,0,,,,,Y,,-,"- ",0,1,0,0,0,0,0,0,0,"- ","- ",37.803440093994141,-120.29274749755859,TUOLUMNE,UNINCORPORATED,-120.29279327392578,37.803401947021484
92330116,2024,2024-03-05,9425,2024-03-01,"930 ",018644,,5,1,9,5500,0,1,3,,2,031,SR-108,"BALD MTN HELIPORT RD",4224.00,E,N,B,D,Y,TUO,,108," "," ",24.839,H,,R,Y,3,0,1,2,A,-,03,22350,,N,C,C,A,C,H,-,A,D,0,,,,,Y,,D,22,0,1,0,0,0,0,0,0,0,"- ","- ",38.144588470458984,-120.08448028564453,TUOLUMNE,UNINCORPORATED,-120.08448028564453,38.144588470458984
92348539,2024,2024-03-27,9425,2024-03-11,1925,018822,,1,2,9,5500,0,2,4,,2,034,"TUOLUMNE RD","SOULSBYVILLE RD",1478.00,W,N,A,-,N,,,,,,,,,,Y,2,0,1,1,A,-,08,22107,,N,F,0,A,A,H,-,D,D,0,,,Y,,Y,,C,02,1,0,0,0,0,0,0,0,1,"- ","- ",37.965999603271484,-120.27472686767578,TUOLUMNE,UNINCORPORATED,-120.27603912353516,37.9656982421875
92348692,2024,2024-03-27,9425,2024-03-18,1850,018822,,1,2,9,5500,0,2,4,,2,024,"TUOLUMNE RD","NUGGET BLVD",0.00,,Y,A,-,N,,,,,,,,,,Y,3,0,1,3,A,-,08,22107,,N,E,8,A,A,H,-,A,D,0,,,,,Y,Y,A,01,0,1,0,0,0,0,0,0,0,"- ","- ",37.962051391601562,-120.32534027099609,TUOLUMNE,UNINCORPORATED,-120.32521057128906,37.961765289306641
92359920,2024,2024-04-09,9425,2024-01-26,1610,019773,,5,2,9,5500,0,2,4,,2,034,"TUOLUMNE RD","BLACK OAK RD",0.00,,Y,A,-,N,,,,,,,,,,Y,1,1,1,2,A,-,09,21802,A,N,D,C,A,A,H,-,A,A,0,,,,,Y,,D,22,0,1,0,0,0,0,0,0,0,"- ","- ",37.963150024414062,-120.28450775146484,TUOLUMNE,UNINCORPORATED,-120.28445434570312,37.963096618652344
92362136,2024,2024-04-11,9425,2024-04-09,"845 ",018559,,2,1,9,5500,0,1,3,,1,021,"SR-108 W/B TO MONO WAY","MONO WAY",50.00,E,N,A,-,Y,,,,,,,,,,N,3,0,1,1,A,-,08,22107,,N,E,8,A,A,H,-,A,A,0,,,,,Y,,D,22,0,1,0,0,0,0,0,0,0,"- ","- ",37.976459503173828,-120.35896301269531,TUOLUMNE,UNINCORPORATED,-120.279541015625,37.990329742431641
92362158,2024,2024-04-11,9425,2024-03-23,2330,019918,,6,3,9,5500,0,1,3,,2,042,SR-120,"GOLDEN ARROW RD",2112.00,E,N,B,D,Y,TUO,,120," ",R,54.708,H,,R,Y,3,0,1,1,A,-,01,23152,A,N,E,I,A,C,H,-,D,D,0,,,,,Y,Y,A,01,0,1,0,0,0,0,0,0,0,"- ","- ",37.813861846923828,-119.8992919921875,TUOLUMNE,UNINCORPORATED,-119.89924621582031,37.813823699951172
92363087,2024,2024-04-12,9425,2024-04-04,1500,020028,,4,2,9,5500,0,1,3,,2,031,"STATE ROUTE 108","TUOLUMNE RD  N",1800.00,W,N,B,D,Y,TUO,,108," ",R,11.386,H,,R,Y,3,0,1,3,A,-,05,21650,,N,B,C,A,C,E,-,A,D,0,,,,,Y,Y,D,22,0,1,0,0,0,0,0,0,0,"- ","- ",38.036861419677734,-120.22364807128906,TUOLUMNE,UNINCORPORATED,-120.22371673583984,38.036918640136719
92365520,2023,2024-06-27,9425,2023-09-24,"340 ",020575,,7,3,9,5500,0,1,3,,2,011,SR-120,"RUSHING HILL LOOKOUT",2640.00,W,N,A,-,Y,TUO,,120," ",R,4.537,H,,R,Y,1,1,1,1,A,-,01,23152,A,N,F,A,A,A,H,-,D,D,0,,,,,Y,,D,22,1,0,0,0,0,0,0,0,0,"- ","- ",37.847270965576172,-120.57173156738281,TUOLUMNE,UNINCORPORATED,-120.57173156738281,37.847236633300781
92365704,2024,2024-04-16,9425,2024-04-09,1530,018559,,2,2,9,5500,0,2,4,,2,024,"TUOLUMNE RD","HESS AVE",0.00,,Y,A,-,N,,,,,,,,,,Y,4,0,2,2,A,-,09,21802,A,N,D,C,A,A,H,-,A,A,0,,,,,Y,,A,01,0,0,2,0,0,0,0,0,0,"- ","- ",37.966129302978516,-120.33142852783203,TUOLUMNE,UNINCORPORATED,-120.3314208984375,37.966087341308594
92365880,2024,2024-04-16,9425,2024-04-10,1400,018559,,3,2,9,5500,0,2,4,,2,014,"LA GRANGE RD","OLD DON PEDRO RD",11616.00,S,N,A,-,N,,,,,,,,,,Y,3,0,1,1,A,-,08,22107,,N,F,I,A,A,H,-,A,D,0,,,,,Y,,A,07,0,1,0,0,0,0,0,0,0,"- ","- ",37.794399261474609,-120.46816253662109,TUOLUMNE,UNINCORPORATED,-120.46827697753906,37.795082092285156