CASE_ID,ACCIDENT_YEAR,PROC_DATE,JURIS,COLLISION_DATE,COLLISION_TIME,OFFICER_ID,REPORTING_DISTRICT,DAY_OF_WEEK,CHP_SHIFT,POPULATION,CNTY_CITY_LOC,SPECIAL_COND,BEAT_TYPE,CHP_BEAT_TYPE,CITY_DIVISION_LAPD,CHP_BEAT_CLASS,BEAT_NUMBER,PRIMARY_RD,SECONDARY_RD,DISTANCE,DIRECTION,INTERSECTION,WEATHER_1,WEATHER_2,STATE_HWY_IND,CALTRANS_COUNTY,CALTRANS_DISTRICT,STATE_ROUTE,ROUTE_SUFFIX,POSTMILE_PREFIX,POSTMILE,LOCATION_TYPE,RAMP_INTERSECTION,SIDE_OF_HWY,TOW_AWAY,COLLISION_SEVERITY,NUMBER_KILLED,NUMBER_INJURED,PARTY_COUNT,PRIMARY_COLL_FACTOR,PCF_CODE_OF_VIOL,PCF_VIOL_CATEGORY,PCF_VIOLATION,PCF_VIOL_SUBSECTION,HIT_AND_RUN,TYPE_OF_COLLISION,MVIW,PED_ACTION,ROAD_SURFACE,ROAD_COND_1,ROAD_COND_2,LIGHTING,CONTROL_DEVICE,CHP_ROAD_TYPE,PEDESTRIAN_ACCIDENT,BICYCLE_ACCIDENT,MOTORCYCLE_ACCIDENT,TRUCK_ACCIDENT,NOT_PRIVATE_PROPERTY,ALCOHOL_INVOLVED,STWD_VEHTYPE_AT_FAULT,CHP_VEHTYPE_AT_FAULT,COUNT_SEVERE_INJ,COUNT_VISIBLE_INJ,COUNT_COMPLAINT_PAIN,COUNT_PED_KILLED,COUNT_PED_INJURED,COUNT_BICYCLIST_KILLED,COUNT_BICYCLIST_INJURED,COUNT_MC_KILLED,COUNT_MC_INJURED,PRIMARY_RAMP,SECONDARY_RAMP,LATITUDE,LONGITUDE,COUNTY,CITY,POINT_X,POINT_Y
94381720,2024,2024-09-04,9425,2024-09-01,1216,017403,,7,1,9,5500,0,1,3,,1,043,SR-49,"BLACKS CREEK RD",2640.00,N,N,A,-,Y,TUO,,49," "," ",0.754,H,,R,N,3,0,1,1,A,-,08,22107,,N,F,A,A,A,H,-,A,D,0,,,Y,,Y,,C,02,0,1,0,0,0,0,0,0,1,"- ","- ",37.759418487548828,-120.25216674804688,TUOLUMNE,UNINCORPORATED,-120.25212860107422,37.759445190429688
94390191,2024,2024-09-11,9425,2024-09-02,1440,018821,,1,2,9,5500,0,1,3,,2,013,SR-49,"CHICKEN RANCH RD",0.00,,Y,A,-,Y,TUO,,49," "," ",12.818,H,,R,N,4,0,1,2,A,-,09,21802,A,N,D,C,A,A,H,-,A,D,0,,,,,Y,,A,07,0,0,1,0,0,0,0,0,0,"- ","- ",37.935081481933594,-120.44316864013672,TUOLUMNE,UNINCORPORATED,-120.44316864013672,37.935077667236328
94393763,2024,2024-09-13,9425,2024-08-30,1335,016886,,5,1,9,5500,0,3,5,,1,004,"FERRETTI ROAD","PINE MOUNTAIN DRIVE NORTH",528.00,W,N,A,-,N,,,,,,,,,,Y,2,0,2,2,A,-,01,23152,A,N,A,C,A,A,H,-,A,D,0,,,,,Y,Y,A,01,2,0,0,0,0,0,0,0,0,"- ","- ",37.860729217529297,-120.19113922119141,TUOLUMNE,UNINCORPORATED,-120.22238159179688,37.845752716064453
94399192,2024,2024-09-18,9425,2024-09-06,2000,021474,,5,2,9,5500,0,3,5,,2,003,"TUOLUMNE RD N","MARANATHA RD",440.00,S,N,A,-,N,,,,,,,,,,Y,2,0,1,1,A,-,08,22107,,N,E,I,A,A,H,-,D,D,0,,,Y,,Y,,C,02,1,0,0,0,0,0,0,0,1,"- ","- ",37.995761871337891,-120.23699951171875,TUOLUMNE,UNINCORPORATED,-120.23703002929688,37.995773315429688
94402405,2024,2024-09-20,9425,2024-09-12,1724,022579,,4,2,9,5500,0,1,3,,2,013,SR-49,"RAWHIDE RD.",100.00,S,N,A,-,Y,TUO,,49," "," ",14.718,H,,R,N,4,0,2,2,A,-,09,21801,A,N,A,C,A,A,H,-,A,D,0,,,,,Y,,A,01,0,0,2,0,0,0,0,0,0,"- ","- ",37.955818176269531,-120.42302703857422,TUOLUMNE,UNINCORPORATED,-120.42300415039062,37.955799102783203
94404233,2024,2024-09-23,9425,2024-09-16,"548 ",016812,,1,3,9,5500,0,2,4,,2,025,"PARROTTS FERRY RD","PORCINA WAY",10560.00,N,N,A,-,N,,,,,,,,,,N,4,0,1,1,A,-,08,22107,,N,F,A,A,A,H,-,C,D,0,,,,,Y,,D,22,0,0,1,0,0,0,0,0,0,"- ","- ",38.051849365234375,-120.43769073486328,TUOLUMNE,UNINCORPORATED,-120.41636657714844,38.052158355712891
94404649,2024,2024-09-23,9425,2024-09-22,1615,018559,,7,2,9,5500,0,1,3,,2,011,SR-108,"GREEN SPRINGS RD",245.00,E,N,A,-,Y,TUO,,120," "," ",7.264,H,,R,N,3,0,1,1,A,-,08,22107,,N,F,A,A,A,H,-,A,D,0,,,,,Y,,D,22,0,1,0,0,0,0,0,0,0,"- ","- ",37.842189788818359,-120.52378082275391,TUOLUMNE,UNINCORPORATED,-120.52379608154297,37.842140197753906
94421895,2024,2024-10-07,9425,2024-09-21,1725,021468,,6,2,9,5500,0,1,3,,2,011,"SR-120 W/B","TWO MILE BAR ROAD",2112.00,E,N,A,-,Y,TUO,,120," ",R,0.902,H,,L,Y,2,0,1,1,A,-,08,22107,,N,F,A,A,A,H,-,A,D,0,,,Y,,Y,,C,02,1,0,0,0,0,0,0,0,1,"- ","- ",37.832988739013672,-120.62906646728516,TUOLUMNE,UNINCORPORATED,-120.62914276123047,37.833034515380859
94421908,2024,2024-10-07,9425,2024-08-09,"725 ",019773,,5,1,9,5500,0,1,3,,2,011,"STATE ROUTE 120","LA GRANGE RD",5280.00,E,N,A,-,Y,TUO,,120," "," ",9.284,H,,R,Y,1,1,2,2,A,-,01,23152,F,N,A,C,A,A,H,-,A,D,0,,,,Y,Y,,A,01,2,0,0,0,0,0,0,0,0,"- ","- ",37.858299255371094,-120.51194000244141,TUOLUMNE,UNINCORPORATED,-120.51191711425781,37.858303070068359
94422545,2024,2024-10-08,9425,2024-09-25,1541,018821,,3,2,9,5500,0,1,3,,2,013,"SR-49 N/B","JAMESTOWN RD",100.00,N,N,A,-,Y,TUO,,49," "," ",14.873,H,,R,N,4,0,1,2,A,-,03,22350,,N,B,2,A,A,H,-,A,D,0,,,,,Y,,A,01,0,0,1,0,0,0,0,0,0,"- ","- ",37.957050323486328,-120.42064666748047,TUOLUMNE,UNINCORPORATED,-120.420654296875,37.957050323486328
94422819,2024,2024-10-08,9425,2024-10-03,2301,022579,,4,3,9,5500,0,3,5,,2,003,"VIA REDONDA RD.","VIA ARROYA RD.",0.00,,Y,A,-,N,,,,,,,,,,N,4,0,1,1,A,-,03,22350,,N,E,I,A,A,H,-,D,D,0,,,,,Y,,D,22,0,0,1,0,0,0,0,0,0,"- ","- ",37.984870910644531,-120.28296661376953,TUOLUMNE,UNINCORPORATED,-120.28289031982422,37.984840393066406
94428947,2024,2024-10-14,9425,2024-09-27,"300 ",021468,,5,3,9,5500,0,1,3,,2,011,"SR-120 E/B","RUSHING HILL LOOKOUT RD",470.00,W,N,A,-,Y,TUO,,120," ",R,5.102,H,,R,Y,3,0,1,1,A,-,01,23152,A,N,E,I,A,A,H,-,D,D,0,,,,,Y,Y,A,01,0,1,0,0,0,0,0,0,0,"- ","- ",37.846248626708984,-120.56150054931641,TUOLUMNE,UNINCORPORATED,-120.56150054931641,37.846317291259766
94428948,2024,2024-10-14,9425,2024-10-04,1955,021468,,5,2,9,5500,0,3,5,,2,001,"RED HILL RD","SOUTH SERPENTINE LOOP ROAD",100.00,S,N,A,-,N,,,,,,,,,,N,4,0,3,1,A,-,03,22350,,N,E,I,A,A,H,-,C,D,0,,,,,Y,,A,07,0,0,3,0,0,0,0,0,0,"- ","- ",37.849018096923828,-120.45844268798828,TUOLUMNE,UNINCORPORATED,-120.45822143554688,37.849166870117188
94428954,2024,2024-10-14,9425,2024-10-10,1905,021474,,4,2,9,5500,0,1,3,,2,031,"SR-108 E/B","LONG BARN RD",6864.00,E,N,A,-,Y,TUO,,108," ",R,20.267,H,,R,Y,3,0,1,1,A,-,03,22350,,N,E,J,A,A,H,-,D,D,0,,,,,Y,,A,01,0,1,0,0,0,0,0,0,0,"- ","- ",38.117790222167969,-120.11811065673828,TUOLUMNE,UNINCORPORATED,-120.11812591552734,38.117801666259766
94434859,2024,2024-10-17,9425,2024-09-27,2131,016886,,5,2,9,5500,0,1,3,,2,041,"STATE ROUTE 120","ANDERSON STREET",250.00,E,N,A,-,Y,TUO,,120," "," ",30.203,H,,R,Y,3,0,1,1,A,-,01,23152,A,N,E,8,A,A,H,-,D,D,0,,,,,Y,Y,A,01,0,1,0,0,0,0,0,0,0,"- ","- ",37.822738647460938,-120.26068878173828,TUOLUMNE,UNINCORPORATED,-120.26071166992188,37.822780609130859
94437840,2024,2024-10-21,9425,2024-10-11,2030,022579,,5,2,9,5500,0,3,5,,2,003,"CHEROKEE RD.","TUOLUMNE RD.",558.00,N,N,A,-,N,,,,,,,,,,Y,4,0,1,1,A,-,01,23152,A,M,E,8,A,A,H,-,D,D,0,,,,,Y,Y,D,22,0,0,1,0,0,0,0,0,0,"- ","- ",37.963680267333984,-120.26467132568359,TUOLUMNE,UNINCORPORATED,-120.26477813720703,37.963634490966797
94451545,2024,2024-10-30,9425,2024-10-30,1333,016886,,3,1,9,5500,0,3,5,,2,002,"LIME KILN ROAD","STATE ROUTE 108",42.00,S,N,A,-,N,,,,,,,,,,N,4,0,1,2,A,-,21,22106,,N,C,C,A,A,H,-,A,A,0,,,,,Y,,D,22,0,0,1,0,0,0,0,0,0,"- ","- ",37.967658996582031,-120.37827301025391,TUOLUMNE,UNINCORPORATED,-120.37834930419922,37.967681884765625
94452679,2024,2024-10-31,9425,2024-10-31,"835 ",019773,,4,1,9,5500,0,1,3,,2,031,"SR-108 W/B FROM SOULSBYVILLE ROAD","SOULSBYVILLE RD",157.00,W,N,C,-,Y,TUO,,108," "," ",7.470,H,,L,N,3,0,1,1,A,-,03,22350,,N,F,A,A,B,H,-,A,D,0,,,,,Y,,-,"- ",0,1,0,0,0,0,0,0,0,"- ","- ",37.996311187744141,-120.26809692382812,TUOLUMNE,UNINCORPORATED,-120.26802825927734,37.996242523193359
94456820,2024,2024-11-04,9425,2024-10-31,1930,016886,,4,2,9,5500,0,1,3,,2,041,"STATE ROUTE 120","POWDER HOUSE STREET",291.00,E,N,A,-,Y,TUO,,120," "," ",32.273,H,,R,N,4,0,1,2,A,-,04,21703,,N,C,C,A,A,H,-,C,D,0,,,,,Y,,D,22,0,0,1,0,0,0,0,0,0,"- ","- ",37.838958740234375,-120.23032379150391,TUOLUMNE,UNINCORPORATED,-120.23033142089844,37.838970184326172
94458486,2024,2024-11-05,9425,2024-10-30,"645 ",018559,,3,1,9,5500,0,3,5,,2,003,"TUOLUMNE RD N.","CEDAR SPRINGS RD",528.00,S,N,A,-,N,,,,,,,,,,Y,3,0,3,2,A,-,08,22107,,N,A,C,A,A,H,-,B,D,0,,,,,Y,,A,01,0,1,2,0,0,0,0,0,0,"- ","- ",38.009521484375,-120.23049163818359,TUOLUMNE,UNINCORPORATED,-120.22884368896484,37.999069213867188
94459288,2024,2024-11-05,9425,2024-09-10,1700,019785,,2,2,9,5500,0,3,5,,2,002,"RACE TRACK ROAD","E. WALNUT ROAD",0.00,,Y,A,-,N,,,,,,,,,,N,4,0,1,2,A,-,09,21802,A,F,D,C,A,A,H,-,A,A,0,,,,,Y,,-,99,0,0,1,0,0,0,0,0,0,"- ","- ",37.991550445556641,-120.40146636962891,TUOLUMNE,UNINCORPORATED,-120.40138244628906,37.991519927978516
94459915,2024,2024-11-06,9425,2024-11-05,1300,016812,,2,1,9,5500,0,1,3,,1,021,SR-108,"MONO WAY",830.00,W,N,B,-,Y,TUO,,108," ",R,1.878,H,,R,N,3,0,1,1,A,-,08,22107,,N,E,I,A,A,H,-,A,D,0,,,,,Y,,A,01,0,1,0,0,0,0,0,0,0,"- ","- ",37.972488403320312,-120.36196136474609,TUOLUMNE,UNINCORPORATED,-120.36198425292969,37.972511291503906
94468620,2024,2024-11-13,9425,2024-11-12,"715 ",018559,,2,1,9,5500,0,2,4,,2,023,"PHOENIX LAKE RD","MEADOW BROOK DR",1584.00,W,N,A,-,N,,,,,,,,,,Y,3,0,1,2,A,-,01,23152,A,N,B,C,A,A,H,-,A,D,0,,,,Y,Y,Y,G,26,0,1,0,0,0,0,0,0,0,"- ","- ",37.986099243164062,-120.33054351806641,TUOLUMNE,UNINCORPORATED,-120.33047485351562,37.985744476318359
94476705,2024,2024-11-20,9425,2024-11-09,1440,018644,,6,2,9,5500,0,3,5,,2,001,"JAMESTOWN RD","MT. BROW RD",450.00,S,N,A,-,N,,,,,,,,,,Y,3,0,1,1,A,-,01,23152,F,N,E,8,A,A,H,-,A,D,0,,,,,Y,,A,01,0,1,0,0,0,0,0,0,0,"- ","- ",38.003841400146484,-120.40725708007812,TUOLUMNE,UNINCORPORATED,-120.40717315673828,38.003822326660156
94482698,2024,2024-11-25,9425,2024-11-13,"355 ",016812,,3,3,9,5500,0,1,3,,2,011,"SR-120 W/B","TWO MILE BAR RD",528.00,W,N,A,-,Y,TUO,,120," ",R,0.384,H,,L,Y,3,0,1,1,A,-,01,23152,A,N,E,8,A,A,H,-,D,D,0,,,,,Y,Y,A,01,0,1,0,0,0,0,0,0,0,"- ","- ",37.827709197998047,-120.63574981689453,TUOLUMNE,UNINCORPORATED,-120.63574981689453,37.827709197998047
94490702,2024,2024-12-03,9425,2024-12-02,"934 ",019918,,1,1,9,5500,0,3,5,,2,002,"GREENLEY RD","GUZZI LANE",124.00,N,N,A,-,N,,,,,,,,,,Y,2,0,2,1,A,-,08,22107,,N,E,8,A,A,H,-,A,D,0,,,,,Y,,A,01,1,0,1,0,0,0,0,0,0,"- ","- ",37.97705078125,-120.36982727050781,TUOLUMNE,UNINCORPORATED,-120.36968994140625,37.977012634277344
94493256,2024,2024-12-05,9425,2024-11-25,1000,022881,,1,1,9,5500,0,3,5,,2,003,"BLACK OAK RD","TUOLUMNE ROAD",500.00,N,N,B,-,N,,,,,,,,,,Y,4,0,1,1,A,-,08,22107,,N,E,I,A,B,H,-,A,D,0,,,,,Y,,-,"- ",0,0,1,0,0,0,0,0,0,"- ","- ",37.964309692382812,-120.2835693359375,TUOLUMNE,UNINCORPORATED,-120.28358459472656,37.964241027832031
94494075,2024,2024-12-05,9425,2024-11-27,1110,019287,,3,1,9,5500,0,3,5,,2,003,"SOULSBYVILLE RD","JUBILEE CT",325.00,S,N,A,-,N,,,,,,,,,,N,4,0,1,1,A,-,08,22107,,M,F,A,A,A,H,-,A,D,0,,,Y,,Y,,C,02,0,0,1,0,0,0,0,0,1,"- ","- ",37.974838256835938,-120.27484893798828,TUOLUMNE,UNINCORPORATED,-120.27470397949219,37.974887847900391
94498087,2024,2024-12-13,9425,2024-11-28,"50  ",022547,,4,3,9,5500,0,3,5,,2,002,"YANKEE HILL RD.","CATTLE DR. TRL.",23.00,N,N,A,-,N,,,,,,,,,,Y,4,0,1,1,A,-,08,22107,,N,F,A,A,A,H,-,D,D,0,,,,,Y,,D,22,0,0,1,0,0,0,0,0,0,"- ","- ",38.056739807128906,-120.36614227294922,TUOLUMNE,UNINCORPORATED,-120.36630249023438,38.056720733642578
94501367,2024,2024-12-13,9425,2024-12-06,1235,019489,,5,1,9,5500,0,1,3,,2,013,SR-49,"RAWHIDE ROAD",680.00,W,N,A,-,Y,TUO,,49," "," ",14.614,H,,R,Y,3,0,2,3,A,-,09,21804,A,N,D,C,A,A,H,-,A,D,0,,,,,Y,,A,07,0,1,1,0,0,0,0,0,0,"- ","- ",37.954570770263672,-120.42427825927734,TUOLUMNE,UNINCORPORATED,-120.42420196533203,37.954544067382812
94506710,2024,2024-12-17,9425,2024-12-08,"238 ",021468,,7,3,9,5500,0,3,5,,2,001,"JAMESTOWN RD","GOLF LINKS RD",2112.00,N,N,A,-,N,,,,,,,,,,Y,3,0,3,1,A,-,01,23152,A,N,E,I,A,A,H,-,D,D,0,,,,,Y,Y,A,01,0,2,1,0,0,0,0,0,0,"- ","- ",37.972091674804688,-120.41667175292969,TUOLUMNE,UNINCORPORATED,-120.41710662841797,37.972743988037109
94509262,2024,2024-12-18,9425,2024-12-17,1940,016812,,2,2,9,5500,0,3,5,,1,004,"HEMLOCK ST","FERRETTI RD",21.00,W,N,E,-,N,,,,,,,,,,N,3,0,1,1,A,-,08,22107,,N,E,8,A,B,H,-,D,D,0,,,,,Y,,A,01,0,1,0,0,0,0,0,0,0,"- ","- ",37.858951568603516,-120.18517303466797,TUOLUMNE,UNINCORPORATED,-120.18501281738281,37.858978271484375
94510811,2024,2024-12-19,9425,2024-04-25,"838 ",019489,,4,1,9,5500,0,1,3,,2,041,SR120,"OLD PRIEST GRADE",145.00,W,N,A,-,Y,TUO,,120," ",T,24.616,H,,R,Y,1,1,0,1,A,-,03,22350,,N,H,A,A,A,H,-,A,A,0,,,,,Y,,D,22,0,0,0,0,0,0,0,0,0,"- ","- ",37.814491271972656,-120.29898834228516,TUOLUMNE,UNINCORPORATED,-120.29901885986328,37.81451416015625
94515454,2024,2025-12-22,9425,2024-12-05,2045,022579,,4,2,9,5500,0,1,3,,2,031,SR-108,"N. SUNSHINE RD.",125.00,W,N,A,-,N,,,,,,,,,,Y,2,0,3,2,A,-,01,23152,G,F,A,C,A,A,H,-,C,D,0,,,,,Y,Y,D,22,1,0,2,0,0,0,0,0,0,"- ","- ",37.991481781005859,-120.27734375,TUOLUMNE,UNINCORPORATED,-120.27745819091797,37.991489410400391
94516781,2024,2024-12-26,9425,2024-12-20,"503 ",021468,,5,3,9,5500,0,1,3,,2,022,SR-49,"SPRINGFIELD RD",660.00,S,N,A,-,Y,TUO,,49," "," ",21.532,H,,R,Y,4,0,1,1,A,-,08,22107,,N,E,I,A,B,H,-,D,D,0,,,,,Y,,D,22,0,0,1,0,0,0,0,0,0,"- ","- ",38.011680603027344,-120.415771484375,TUOLUMNE,UNINCORPORATED,-120.415771484375,38.011692047119141
94521460,2024,2024-12-31,9425,2024-12-22,1620,019918,,7,2,9,5500,0,2,4,,2,034,"TUOLUMNE RD","MORRIS RD",1056.00,W,N,A,-,N,,,,,,,,,,Y,3,0,1,1,A,-,03,22350,,N,E,I,A,A,H,-,A,D,0,,,,,Y,,-,"- ",0,1,0,0,0,0,0,0,0,"- ","- ",37.958518981933594,-120.29821014404297,TUOLUMNE,UNINCORPORATED,-120.29139709472656,37.962978363037109
94521477,2024,2024-12-31,9425,2024-12-23,1022,019918,,1,1,9,5500,0,1,3,,2,031,SR-108,"SOULSBYVILLE RD",0.00,,Y,A,-,Y,TUO,,108," "," ",7.507,H,,R,Y,4,0,1,2,A,-,12,21453,A,N,D,C,A,A,H,-,A,D,0,,,,,Y,,A,01,0,0,1,0,0,0,0,0,0,"- ","- ",37.996429443359375,-120.26728057861328,TUOLUMNE,UNINCORPORATED,-120.26732635498047,37.996471405029297
94521688,2024,2024-12-31,9425,2024-12-24,"945 ",018559,,2,1,9,5500,0,1,3,,2,031,SR-108,"OLD STRAWBERRY RD",3696.00,E,N,D,-,Y,TUO,,108," "," ",32.650,H,,R,Y,3,0,3,1,A,-,08,22107,,N,E,I,A,C,H,-,A,D,0,,,,,Y,,D,22,0,3,0,0,0,0,0,0,0,"- ","- ",38.197490692138672,-120.02423858642578,TUOLUMNE,UNINCORPORATED,-120.02423858642578,38.197490692138672
94523146,2024,2025-01-02,9425,2024-12-25,"955 ",019287,,3,1,9,5500,0,1,3,,2,031,SR-108,"OLD MONO RD",225.00,W,N,B,-,Y,TUO,,108," "," ",27.732,H,,R,Y,4,0,1,1,A,-,03,22350,,N,E,I,A,C,H,-,A,D,0,,,,,Y,,D,22,0,0,1,0,0,0,0,0,0,"- ","- ",38.167751312255859,-120.04358673095703,TUOLUMNE,UNINCORPORATED,-120.04359436035156,38.167751312255859
94524045,2024,2025-01-02,9425,2024-12-29,1215,019918,,7,1,9,5500,0,1,3,,2,013,SR-49,"JAMESTOWN RD",125.00,N,N,B,C,Y,TUO,,49," "," ",14.877,H,,R,N,4,0,3,2,A,-,03,22350,,N,C,C,A,B,H,-,A,D,0,,,,,Y,,A,07,0,0,3,0,0,0,0,0,0,"- ","- ",37.957160949707031,-120.42064666748047,TUOLUMNE,UNINCORPORATED,-120.42058563232422,37.957084655761719
94524108,2024,2025-01-02,9425,2024-12-29,1450,019918,,7,2,9,5500,0,3,5,,2,001,"O'BYRNES FERRY RD.","OLD O BYRNES FERRY RD",152.00,N,N,B,C,N,,,,,,,,,,Y,3,0,4,1,A,-,08,22107,,N,F,A,A,B,H,-,A,D,0,,,,,Y,,A,08,0,2,2,0,0,0,0,0,0,"- ","- ",37.895698547363281,-120.56504821777344,TUOLUMNE,UNINCORPORATED,-120.56513977050781,37.895618438720703
94524128,2024,2025-01-02,9425,2024-12-30,"844 ",019918,,1,1,9,5500,0,1,3,,2,031,SR-108,"BALD MTN HELIPORT RD",1584.00,W,N,A,-,Y,TUO,,108," ",R,21.747,H,,R,Y,3,0,2,1,A,-,08,22107,,N,F,A,A,C,H,-,A,D,0,,,,,Y,,A,07,0,2,0,0,0,0,0,0,0,"- ","- ",38.132568359375,-120.09886169433594,TUOLUMNE,UNINCORPORATED,-120.09883117675781,38.132553100585938
94525105,2024,2025-01-03,9425,2024-12-30,1635,020575,,1,2,9,5500,0,1,3,,2,031,"LELAND MEADOW RD",SR-108,6336.00,S,N,A,-,N,,,,,,,,,,Y,4,0,2,2,C,-,18,,,N,A,C,A,C,H,-,A,D,0,,,,,Y,,-,"- ",0,0,2,0,0,0,0,0,0,"- ","- ",38.230308532714844,-119.98951721191406,TUOLUMNE,UNINCORPORATED,-119.99801635742188,38.221549987792969
94525131,2024,2025-01-03,9425,2024-12-21,1315,022429,,6,1,9,5500,0,2,S,,2,904,"FOREST ROUTE 3N03","AVERY RANCH CAMP NINE",9504.00,S,N,A,-,N,,,,,,,,,,N,2,0,1,1,A,-,03,22350,,N,E,I,A,A,E,-,A,D,0,,,Y,,Y,,C,02,1,0,0,0,0,0,0,0,1,"- ","- ",38.122440338134766,-120.37866973876953,TUOLUMNE,UNINCORPORATED,-120.37994384765625,38.121086120605469
94535760,2025,2025-01-13,9425,2025-01-07,1115,018671,,2,1,9,5500,0,3,5,,2,001,"RAWHIDE ROAD","PULPIT ROCK ROAD",10.00,S,N,A,-,N,,,,,,,,,,N,4,0,1,2,A,-,03,22350,,M,C,C,A,A,H,-,A,D,0,,,,,Y,,-,99,0,0,1,0,0,0,0,0,0,"- ","- ",37.957019805908203,-120.42411041259766,TUOLUMNE,UNINCORPORATED,-120.42404174804688,37.956916809082031
94545597,2025,2025-01-22,9425,2025-01-04,2005,022579,,6,2,9,5500,0,1,3,,2,031,SR-108,"OLD STRAWBERRY DR",429.00,W,N,A,-,N,,,,,,,,,,Y,4,0,2,1,A,-,08,22107,,N,F,I,A,C,H,-,D,D,0,,,,,Y,,A,07,0,0,2,0,0,0,0,0,0,"- ","- ",38.200210571289062,-120.00556945800781,TUOLUMNE,UNINCORPORATED,-120.01626586914062,38.199565887451172
94545604,2025,2025-01-22,9425,2025-01-14,1930,018644,,2,2,9,5500,0,1,3,,2,022,SR-49,"OLD SONORA COLUMBIA RD",650.00,N,N,A,-,Y,TUO,,49," "," ",19.687,H,,R,N,3,0,2,2,A,-,08,22107,,N,B,2,A,A,H,-,D,D,0,,,,,Y,,A,01,0,2,0,0,0,0,0,0,0,"- ","- ",38.006351470947266,-120.38736724853516,TUOLUMNE,UNINCORPORATED,-120.38735961914062,38.006359100341797
94545611,2025,2025-01-22,9425,2025-01-09,2037,022579,,4,2,9,5500,0,2,4,,2,034,"TUOLUMNE RD.","CHEROKEE RD",1320.00,E,N,A,-,N,,,,,,,,,,Y,2,0,1,1,A,-,01,23152,A,N,F,A,A,A,H,-,C,D,0,,,,,Y,Y,A,01,1,0,0,0,0,0,0,0,0,"- ","- ",37.962799072265625,-120.26091766357422,TUOLUMNE,UNINCORPORATED,-120.26148223876953,37.962680816650391
94546372,2025,2025-01-22,9425,2025-01-20,"630 ",018671,,1,1,9,5500,0,3,5,,2,001,"RAWHIDE ROAD","PEPPERMINT CREEK ROAD",1623.00,N,N,A,-,N,,,,,,,,,,Y,4,0,1,2,A,-,08,22107,,N,A,2,A,C,H,-,B,D,0,,,,,Y,,A,01,0,0,1,0,0,0,0,0,0,"- ","- ",37.967838287353516,-120.43907928466797,TUOLUMNE,UNINCORPORATED,-120.43886566162109,37.967754364013672
94550135,2025,2025-01-27,9425,2025-01-18,1930,022579,,6,2,9,5500,0,1,3,,2,013,SR-49,"RAWHIDE RD.",936.00,S,N,A,-,N,,,,,,,,,,Y,3,0,2,2,A,-,01,23152,A,F,D,C,A,A,H,-,C,D,0,,,,,Y,Y,A,07,0,2,0,0,0,0,0,0,0,"- ","- ",37.954021453857422,-120.42453765869141,TUOLUMNE,UNINCORPORATED,-120.42451477050781,37.953948974609375
94551124,2025,2025-01-27,9425,2025-01-26,1005,018821,,7,1,9,5500,0,3,5,,2,003,"LONGEWAY RD","LUCKY STRIKE TRL",200.00,N,N,A,-,N,,,,,,,,,,N,3,0,1,1,A,-,08,22107,,N,E,8,A,C,H,-,A,D,0,,,,,Y,,-,"- ",0,1,0,0,0,0,0,0,0,"- ","- ",38.024288177490234,-120.25425720214844,TUOLUMNE,UNINCORPORATED,-120.25436401367188,38.024379730224609
94575517,2025,2025-02-12,9425,2025-02-04,1540,018821,,2,2,2,5501,0,3,5,,2,002,"SANGUINETTI RD","SANGUINETTI CT",971.00,W,N,B,C,N,,,,,,,,,,Y,4,0,1,1,A,-,08,22107,,N,E,J,A,B,H,-,A,D,0,,,,,Y,,A,01,0,0,1,0,0,0,0,0,0,"- ","- ",37.974361419677734,-120.36003875732422,TUOLUMNE,SONORA,,
94586339,2025,2025-02-21,9425,2025-02-20,"800 ",019773,,4,1,9,5500,0,3,5,,2,002,"HESS AVE","SR108 TO HESS AVE",0.00,,Y,A,-,N,,,,,,,,,,N,4,0,2,2,A,-,12,21453,A,N,D,C,A,A,H,-,A,A,0,,,,,Y,,A,01,0,0,2,0,0,0,0,0,0,"- ","- ",37.979690551757812,-120.33621215820312,TUOLUMNE,UNINCORPORATED,-120.33538818359375,37.978828430175781
94588013,2025,2025-02-24,9425,2025-02-22,1330,019489,,6,1,9,5500,0,1,3,,2,013,SR-49,"5TH AVENUE",145.00,S,N,A,-,Y,TUO,,49," "," ",15.002,H,,R,N,4,0,2,2,A,-,03,22350,,N,C,C,A,A,H,-,A,A,0,,,,,Y,,D,22,0,0,2,0,0,0,0,0,0,"- ","- ",37.958080291748047,-120.41870880126953,TUOLUMNE,UNINCORPORATED,-120.41869354248047,37.958057403564453
94593128,2025,2025-02-28,9425,2025-02-27,1705,019489,,4,2,9,5500,0,1,3,,2,013,SR-49,"5TH AVENUE",150.00,N,N,A,-,Y,TUO,,49," "," ",15.078,H,,R,Y,4,0,2,3,A,-,03,22350,,N,C,C,A,A,H,-,A,A,0,,,,,Y,,A,01,0,0,2,0,0,0,0,0,0,"- ","- ",37.958740234375,-120.41758728027344,TUOLUMNE,UNINCORPORATED,-120.41752624511719,37.958667755126953