CASE_ID,ACCIDENT_YEAR,PROC_DATE,JURIS,COLLISION_DATE,COLLISION_TIME,OFFICER_ID,REPORTING_DISTRICT,DAY_OF_WEEK,CHP_SHIFT,POPULATION,CNTY_CITY_LOC,SPECIAL_COND,BEAT_TYPE,CHP_BEAT_TYPE,CITY_DIVISION_LAPD,CHP_BEAT_CLASS,BEAT_NUMBER,PRIMARY_RD,SECONDARY_RD,DISTANCE,DIRECTION,INTERSECTION,WEATHER_1,WEATHER_2,STATE_HWY_IND,CALTRANS_COUNTY,CALTRANS_DISTRICT,STATE_ROUTE,ROUTE_SUFFIX,POSTMILE_PREFIX,POSTMILE,LOCATION_TYPE,RAMP_INTERSECTION,SIDE_OF_HWY,TOW_AWAY,COLLISION_SEVERITY,NUMBER_KILLED,NUMBER_INJURED,PARTY_COUNT,PRIMARY_COLL_FACTOR,PCF_CODE_OF_VIOL,PCF_VIOL_CATEGORY,PCF_VIOLATION,PCF_VIOL_SUBSECTION,HIT_AND_RUN,TYPE_OF_COLLISION,MVIW,PED_ACTION,ROAD_SURFACE,ROAD_COND_1,ROAD_COND_2,LIGHTING,CONTROL_DEVICE,CHP_ROAD_TYPE,PEDESTRIAN_ACCIDENT,BICYCLE_ACCIDENT,MOTORCYCLE_ACCIDENT,TRUCK_ACCIDENT,NOT_PRIVATE_PROPERTY,ALCOHOL_INVOLVED,STWD_VEHTYPE_AT_FAULT,CHP_VEHTYPE_AT_FAULT,COUNT_SEVERE_INJ,COUNT_VISIBLE_INJ,COUNT_COMPLAINT_PAIN,COUNT_PED_KILLED,COUNT_PED_INJURED,COUNT_BICYCLIST_KILLED,COUNT_BICYCLIST_INJURED,COUNT_MC_KILLED,COUNT_MC_INJURED,PRIMARY_RAMP,SECONDARY_RAMP,LATITUDE,LONGITUDE,COUNTY,CITY,POINT_X,POINT_Y
90543205,2017,2017-09-07,9425,2017-09-01,1810,018559,,5,2,9,5500,0,1,3,,2,011,SR-108,"LA GRANGE RD",0.00,,Y,A,-,Y,,,,,,,,,,N,4,0,1,2,A,-,09,21801,A,N,B,C,A,A,H,-,A,D,0,,,,,Y,,D,22,0,0,1,0,0,0,0,0,0,"- ","- ",37.843260000000001,-120.50807,TUOLUMNE,UNINCORPORATED,-120.50807992999999,37.843339899999997
90546199,2017,2017-09-12,9425,2017-09-08,0925,013905,,5,1,9,5500,0,2,4,,2,026,"MONO WAY","PEACEFUL VALLEY ROAD",0.00,,Y,A,-,N,,,,,,,,,,Y,4,0,1,2,A,-,09,21804,A,N,D,C,A,A,H,-,A,D,0,,,,,Y,,A,01,0,0,1,0,0,0,0,0,0,"- ","- ",37.977449999999997,-120.31733,TUOLUMNE,UNINCORPORATED,-120.31715990000001,37.977479940000002
90547419,2017,2017-09-14,9425,2017-09-08,1605,018965,,5,2,9,5500,0,1,3,,2,013,SR-49,"MAIN ST",967.00,N,N,A,-,Y,,,49,,,,,,,N,4,0,1,2,A,-,09,21802,A,N,D,C,A,A,H,-,A,D,0,,,,,Y,Y,D,22,0,0,1,0,0,0,0,0,0,"- ","- ",37.953940000000003,-120.42456,TUOLUMNE,UNINCORPORATED,-120.42451920000001,37.953925490000003
90553864,2017,2017-09-22,9425,2017-09-04,0020,018822,,1,3,9,5500,0,3,5,,2,003,"BLACK OAK RD","OVERLOOK DR",528.00,S,N,A,-,N,,,,,,,,,,Y,3,0,1,1,A,-,01,23152,A,N,E,I,A,A,H,-,D,D,0,,,,,Y,Y,A,07,0,1,0,0,0,0,0,0,0,"- ","- ",37.969880000000003,-120.2822,TUOLUMNE,UNINCORPORATED,-120.28297753,37.969571860000002
90553922,2017,2017-09-22,9425,2017-09-10,0330,019773,,7,3,9,5500,0,2,4,,2,026,"MONO WAY","SULLIVAN CREEK RD",850.00,W,N,A,-,N,,,,,,,,,,Y,4,0,1,3,A,-,01,23152,F,N,E,I,A,A,H,-,D,D,0,,,,,Y,,A,07,0,0,1,0,0,0,0,0,0,"- ","- ",37.974609999999998,-120.35218999999999,TUOLUMNE,UNINCORPORATED,-120.35219908000001,37.974836369999998
90553972,2017,2017-09-22,9425,2017-09-17,1325,018251,,7,1,9,5500,0,3,5,,2,003,"HIGHLAND DRIVE","SEQUOIA LN",15.00,S,N,A,-,N,,,,,,,,,,N,3,0,1,2,A,-,05,21650,,N,A,C,A,A,H,-,A,D,0,,,Y,,Y,,C,02,0,1,0,0,0,0,0,0,1,"- ","- ",38.036700000000003,-120.22790000000001,TUOLUMNE,UNINCORPORATED,-120.22783090999999,38.036764529999999
90557033,2017,2017-09-27,9425,2017-09-20,1510,019287,,3,2,9,5500,0,2,4,,2,025,"PARROTTS FERRY RD","VALPARAISO ST",270.00,N,N,A,-,N,,,,,,,,,,Y,3,0,2,2,A,-,03,22350,,N,C,C,A,A,H,-,A,D,0,,,,,Y,,A,01,0,2,0,0,0,0,0,0,0,"- ","- ",38.046950000000002,-120.41081,TUOLUMNE,UNINCORPORATED,-120.4107193,38.046878929999998
90560215,2017,2017-09-29,9425,2017-09-23,1420,016886,,6,2,9,5500,0,1,3,,2,042,SR-120,"HARDIN FLAT ROAD (EAST)",1584.00,W,N,A,-,Y,,,120,,,,,,,Y,2,0,1,2,C,-,18,,,N,H,H,A,A,H,-,A,D,0,,,,,Y,,-,"- ",1,0,0,0,0,0,0,0,0,"- ","- ",37.813589999999998,-119.9054,TUOLUMNE,UNINCORPORATED,-119.90534820000001,37.81364361
90561953,2017,2017-10-03,9425,2017-09-14,1010,013905,,4,1,9,5500,0,3,5,,2,003,"CRIPPLE HILL ROAD","DOG PATCH LANE",1056.00,E,N,B,-,N,,,,,,,,,,N,3,0,1,1,A,-,01,23152,F,N,E,I,A,A,G,-,A,D,0,,,,,Y,,A,01,0,1,0,0,0,0,0,0,0,"- ","- ",37.98704,-120.28668,TUOLUMNE,UNINCORPORATED,-120.28627,37.986739999999998
90563778,2017,2017-10-05,9425,2017-09-27,2030,014853,,3,2,9,5500,0,1,3,,2,013,"SR-49 NORTHBOUND","SIERRA ROCK RD",400.00,N,N,A,-,Y,,,49,,,,,,N,N,3,0,2,2,A,-,03,22350,,N,C,C,A,A,D,-,D,D,0,,,,,Y,,A,01,0,1,1,0,0,0,0,0,0,"- ","- ",37.926789999999997,-120.44598000000001,TUOLUMNE,UNINCORPORATED,-120.44603951000001,37.926812470000002
90568693,2017,2017-10-12,9425,2017-10-02,1415,017403,,1,2,9,5500,0,1,3,,2,041,SR-120,"PRIEST COULTERVILLE RD",2640.00,W,N,A,-,Y,,,,,,,,,,Y,4,0,1,1,A,-,08,22107,,N,F,A,A,A,H,-,A,D,0,,,Y,,Y,,C,02,0,0,1,0,0,0,0,0,1,"- ","- ",,,TUOLUMNE,UNINCORPORATED,-120.2749944,37.819035329999998
90571744,2017,2017-10-18,9425,2017-10-07,2120,016812,,6,2,9,5500,0,1,3,,1,021,SR-108,"MONO WAY",2640.00,W,N,A,-,Y,,,108,,,,,,,Y,3,0,3,2,A,-,05,21460,A,N,A,C,A,A,D,-,D,D,0,,,,,Y,,A,01,0,2,1,0,0,0,0,0,0,"- ","- ",37.971260000000001,-120.3639,TUOLUMNE,UNINCORPORATED,-120.36392871,37.971326990000001
90573524,2017,2017-10-18,9425,2017-10-11,0910,014725,,3,1,9,5500,0,2,4,,2,026,"MONO WAY","SANGUNETTI LOOP ROAD",736.00,E,N,A,-,N,,,,,,,,,,Y,3,0,1,2,A,-,03,22350,,N,C,E,A,A,H,-,A,D,0,,,,,Y,,D,22,0,1,0,0,0,0,0,0,0,"- ","- ",37.975079999999998,-120.35381,TUOLUMNE,UNINCORPORATED,-120.3536582,37.975211309999999
90580949,2017,2017-10-27,9425,2017-10-16,0235,018559,,1,3,9,5500,0,3,5,,2,002,"OLD WARDS FERRY RD","JACOBS RD",528.00,N,N,A,-,N,,,,,,,,,,Y,2,0,1,1,A,-,01,23152,A,N,E,I,A,A,H,-,D,D,0,,,,,Y,Y,A,01,1,0,0,0,0,0,0,0,0,"- ","- ",37.956620000000001,-120.35883,TUOLUMNE,UNINCORPORATED,-120.35808951,37.956171150000003
90586617,2017,2017-11-03,9425,2017-10-24,1910,019773,,2,2,9,5500,0,1,3,,1,021,SR-108,"MONO WAY",1500.00,W,N,A,-,Y,,,108,,,,,,,N,3,0,2,2,A,-,09,21804,A,N,D,C,A,A,H,-,D,D,0,,,,,Y,,E,22,0,2,0,0,0,0,0,0,0,"- ","- ",37.971319999999999,-120.36396000000001,TUOLUMNE,UNINCORPORATED,-120.36395767,37.971314579999998
90589574,2017,2017-11-07,9425,2017-10-29,1426,014853,,7,2,9,5500,0,1,3,,2,013,SR-49,"5TH AVENUE",287.00,S,N,A,-,Y,,,49,,,,,,,N,3,0,1,1,A,-,03,22350,,N,F,A,A,A,H,-,A,D,0,,,Y,,Y,,C,02,0,1,0,0,0,0,0,0,1,"- ","- ",37.95787,-120.41923,TUOLUMNE,UNINCORPORATED,-120.41921384,37.957838750000001
90594708,2017,2017-11-15,9425,2017-11-12,0412,018559,,7,3,9,5500,0,1,3,,1,021,"STATE ROUTE 108","WASHINGTON ST",580.00,E,N,A,-,Y,,,108,,,,,,,Y,2,0,4,2,A,-,01,23152,A,N,A,C,A,A,H,-,C,D,0,,,,,Y,Y,A,07,2,2,0,0,0,0,0,0,0,"- ","- ",37.968820000000001,-120.37649999999999,TUOLUMNE,UNINCORPORATED,-120.37648756999999,37.968787990000003
90596600,2017,2017-11-17,9425,2017-11-10,1950,019773,,5,2,9,5500,0,2,4,,2,034,"TUOLUMNE RD","TUOLUMNE RD N",1700.00,W,N,A,-,N,,,,,,,,,,Y,3,0,3,1,A,-,08,22107,,N,E,I,A,A,H,-,D,D,0,,,,,Y,,A,07,0,2,1,0,0,0,0,0,0,"- ","- ",37.964559999999999,-120.24468,TUOLUMNE,UNINCORPORATED,-120.24456853,37.964664970000001
90604645,2017,2017-11-29,9425,2017-11-24,1205,017058,,5,1,9,5500,0,1,3,,2,022,"STATE ROUTE 49","PARROTT'S FERRY ROAD",15.00,N,N,A,-,Y,,,,,,,,,,Y,3,0,1,2,A,-,03,22350,,N,C,C,A,A,H,-,A,A,0,,,,,Y,,D,22,0,1,0,0,0,0,0,0,0,"- ","- ",,,TUOLUMNE,UNINCORPORATED,-120.39501876,38.01376441
90608116,2017,2017-12-01,9425,2017-11-17,1155,017461,,5,1,9,5500,0,1,3,,2,042,SR-120,"FOREST SERVICE ROAD 1S63",53.00,E,N,A,-,Y,,,,,,,,,,Y,3,0,1,1,A,-,08,22107,,N,E,I,A,A,H,-,A,A,0,,,,,Y,,A,01,0,1,0,0,0,0,0,0,0,"- ","- ",37.823700000000002,-120.0031,TUOLUMNE,UNINCORPORATED,,
90608277,2017,2017-12-01,9425,2017-11-26,1534,018965,,7,2,9,5500,0,3,5,,2,001,"O'BYRNES FERRY RD.","OLD O BYRNES FERRY RD",120.00,N,N,B,C,N,,,,,,,,,,Y,4,0,1,1,A,-,08,22107,,N,F,A,A,B,H,-,A,D,0,,,,,Y,,A,01,0,0,1,0,0,0,0,0,0,"- ","- ",37.895560000000003,-120.56497,TUOLUMNE,UNINCORPORATED,-120.56650483999999,37.89336892
90620274,2017,2017-12-19,9425,2017-12-14,0230,019785,,4,3,9,5500,0,2,4,,2,034,"TUOLUMNE ROAD","CHEROKEE RD",528.00,W,N,A,-,N,,,,,,,,,,Y,3,0,1,1,A,-,08,22107,,N,E,I,A,A,H,-,D,D,0,,,,,Y,,A,01,0,1,0,0,0,0,0,0,0,"- ","- ",37.963439999999999,-120.26848,TUOLUMNE,UNINCORPORATED,-120.26778245,37.962939849999998
90621250,2017,2017-12-20,9425,2017-12-09,1535,015963,,6,2,9,5500,0,3,5,,2,001,"RAWHIDE ROAD","OMEGA MINE ROAD",200.00,W,N,A,-,N,,,,,,,,,,Y,2,0,1,1,A,-,08,22107,,N,F,A,A,A,H,-,A,D,0,,,Y,,Y,,C,02,1,0,0,0,0,0,0,0,1,"- ","- ",37.964680000000001,-120.44184,TUOLUMNE,UNINCORPORATED,-120.44157614,37.964855389999997
90629952,2017,2017-12-29,9425,2017-12-22,1756,014936,,5,2,9,5500,0,3,5,,2,003,"SOUTH FORK RD","SUNNYBROOK DRIVE",528.00,W,N,B,-,N,,,,,,,,,,Y,2,0,1,1,A,-,01,23152,A,N,E,I,A,A,H,-,D,D,0,,,,,Y,Y,D,22,1,0,0,0,0,0,0,0,0,"- ","- ",38.0212,-120.15009999999999,TUOLUMNE,UNINCORPORATED,-120.25144297,38.034377470000003
90630546,2017,2018-01-02,9425,2017-12-23,0905,017058,,6,1,9,5500,0,1,3,,2,031,"STATE ROUTE 108","VIA ESTE ROAD",0.00,,Y,A,-,Y,,,,,,,,,,Y,4,0,1,2,A,-,09,21802,A,N,D,C,A,A,H,-,A,A,0,,,,,Y,,D,22,0,0,1,0,0,0,0,0,0,"- ","- ",37.591999999999999,-120.17301,TUOLUMNE,UNINCORPORATED,-120.29216991,37.98350997
90634686,2017,2018-01-08,9425,2017-12-24,1928,014936,,7,2,9,5500,0,3,5,,2,003,"SOULSBYVILLE ROAD","COMMUNITY DR",528.00,S,N,B,-,N,,,,,,,,,,N,2,0,1,1,C,-,18,,,N,H,A,A,A,H,-,D,D,0,,,,,Y,,-,"- ",1,0,0,0,0,0,0,0,0,"- ","- ",37.590000000000003,-120.1551,TUOLUMNE,UNINCORPORATED,-120.26387027,37.984448800000003
90640338,2018,2018-01-16,9425,2018-01-04,1101,014737,,4,1,9,5500,0,1,3,,2,013,"STATE ROUTE 49","MAIN STREET",310.00,N,N,A,-,Y,,,49,,,,,,,Y,3,0,2,2,A,-,09,21801,A,N,B,C,A,A,H,-,A,D,0,,,,,Y,,D,22,0,1,1,0,0,0,0,0,0,"- ","- ",37.952259063720703,-120.42466735839844,TUOLUMNE,UNINCORPORATED,-120.42471313476562,37.952259063720703
90640550,2018,2018-01-16,9425,2018-01-09,0855,014725,,2,1,9,5500,0,3,5,,2,001,"O'BYRNES FERRY ROAD","OLD O'BYNRES FERRY ROAD",88.00,N,N,B,C,N,,,,,,,,,,Y,3,0,2,1,A,-,03,22350,,N,F,I,A,B,H,-,A,D,0,,,,,Y,,A,07,0,2,0,0,0,0,0,0,0,"- ","- ",37.895740509033203,-120.56500244140625,TUOLUMNE,UNINCORPORATED,-120.56507873535156,37.895771026611328
90641061,2018,2018-01-16,9425,2018-01-10,1425,019773,,3,2,9,5500,0,2,4,,2,026,"MONO WAY","SULLIVAN CREEK RD",300.00,E,N,B,-,N,,,,,,,,,,N,4,0,1,3,A,-,01,23152,A,N,B,C,A,A,H,-,A,D,0,,,,,Y,Y,D,22,0,0,1,0,0,0,0,0,0,"- ","- ",37.975261688232422,-120.34857177734375,TUOLUMNE,UNINCORPORATED,-120.34854125976562,37.975307464599609
90644155,2018,2018-01-22,9425,2018-01-15,1330,017058,,1,1,9,5500,0,3,5,,2,003,"OXBOW LANE","HITCHING POST ROAD",1056.00,N,N,A,-,N,,,,,,,,,,N,3,0,1,1,A,-,01,23152,A,N,E,A,A,A,H,-,A,D,0,,,Y,,Y,Y,C,03,0,1,0,0,0,0,0,0,1,"- ","- ",38.326999664306641,-120.01625061035156,TUOLUMNE,UNINCORPORATED,-120.27285003662109,38.057662963867188
90644249,2018,2018-01-22,9425,2018-01-19,1452,014936,,5,2,9,5500,0,3,5,,2,003,"CARTER ST","TUOLUMNE ROAD",0.00,,Y,A,-,N,,,,,,,,,,Y,3,0,2,2,A,-,09,21801,A,N,A,C,A,A,H,-,A,A,0,,,,,Y,,A,08,0,2,0,0,0,0,0,0,0,"- ","- ",37.574798583984375,-120.14170074462891,TUOLUMNE,UNINCORPORATED,-120.23622894287109,37.964420318603516
90650884,2017,2018-09-26,9425,2017-05-29,2355,020028,,1,3,9,5500,0,1,3,,2,031,"STATE ROUTE 108","ARGYLE RD",190.00,E,N,A,-,Y,,,108,,,,,,,Y,1,1,0,1,A,-,03,22350,,N,E,I,A,A,H,-,D,D,0,,,,,Y,Y,D,22,0,0,0,0,0,0,0,0,0,"- ","- ",37.981929999999998,-120.29487,TUOLUMNE,UNINCORPORATED,-120.29487534,37.981956609999997
90652268,2018,2018-01-31,9425,2018-01-27,1036,016886,,6,1,9,5500,0,3,5,,1,004,"OLD PRIEST GRADE",SR-120,5280.00,W,N,A,-,N,,,,,,,,,,Y,4,0,1,1,A,-,05,21460,A,N,E,I,A,B,H,-,A,A,0,,,,,Y,,A,01,0,0,1,0,0,0,0,0,0,"- ","- ",37.817378997802734,-120.28574371337891,TUOLUMNE,UNINCORPORATED,-120.29869079589844,37.814800262451172
90659675,2018,2018-02-12,9425,2018-02-11,0342,018965,,7,3,9,5500,0,3,5,,2,002,"PASEO DE LOS PORTALES RD","EL COYOTE DR",73.00,S,N,A,-,N,,,,,,,,,,N,3,0,1,1,A,-,08,22107,,N,E,I,A,A,H,-,D,D,0,,,,,Y,,D,22,0,1,0,0,0,0,0,0,0,"- ","- ",38.016700744628906,-120.30471038818359,TUOLUMNE,UNINCORPORATED,-120.30460357666016,38.016685485839844
90669140,2018,2018-02-26,9425,2018-02-22,2100,019773,,4,2,9,5500,0,2,4,,2,034,"TUOLUMNE RD","WESTSIDE RD",1000.00,W,N,B,D,N,,,,,,,,,,N,4,0,1,2,A,-,03,22350,,N,C,C,A,C,G,-,D,D,0,,,,,Y,,A,07,0,0,1,0,0,0,0,0,0,"- ","- ",37.962581634521484,-120.25601959228516,TUOLUMNE,UNINCORPORATED,-120.25151824951172,37.964282989501953
90669567,2018,2018-02-26,9425,2018-02-20,0730,017403,,2,1,9,5500,0,1,3,,1,054,SR-132,"BONDS FLAT RD",1056.00,E,N,A,-,Y,,,,,,,,,,Y,2,0,1,1,A,-,08,22107,,N,F,A,A,A,H,-,A,A,0,,,,,Y,,A,01,1,0,0,0,0,0,0,0,0,"- ","- ",,,TUOLUMNE,UNINCORPORATED,-120.35828399658203,37.679481506347656
90679551,2018,2018-03-12,9425,2018-03-04,1930,019785,,7,2,9,5500,0,3,5,,2,003,"BROKEN PINE RD","KEWIN MILL RD",1056.00,E,N,A,-,N,,,,,,,,,,Y,4,0,1,1,A,-,03,22350,,N,E,I,A,C,H,-,D,D,0,,,,,Y,,D,22,0,0,1,0,0,0,0,0,0,"- ","- ",38.060768127441406,-120.27021026611328,TUOLUMNE,UNINCORPORATED,-120.26634979248047,38.059619903564453
90679937,2017,2018-03-12,9425,2017-12-02,1325,017058,,6,1,9,5500,0,2,4,,2,034,"TUOLUMNE ROAD","WESTSIDE ROAD",948.00,E,N,A,-,N,,,,,,,,,,Y,1,1,0,1,A,-,08,22107,,N,E,I,A,A,H,-,A,D,0,,,,,Y,,A,01,0,0,0,0,0,0,0,0,0,"- ","- ",37.575299999999999,-120.14409999999999,TUOLUMNE,UNINCORPORATED,-120.24531245,37.964654750000001
90704062,2018,2018-04-12,9425,2018-04-10,2250,019785,,2,3,9,5500,0,3,5,,2,003,"CHERRY VALLEY BLVD NORTH","BAY AVE",0.00,,Y,A,-,N,,,,,,,,,,Y,2,0,3,1,A,-,03,22350,,N,E,I,A,A,H,-,D,A,0,,,,,Y,,D,22,1,1,1,0,0,0,0,0,0,"- ","- ",37.961318969726562,-120.2406005859375,TUOLUMNE,UNINCORPORATED,-120.24037994,37.961280019999997
90710065,2018,2018-04-20,9425,2018-04-19,1518,016886,,4,2,9,5500,0,1,3,,1,044,SR-132,"ISABEL WAY",199.00,E,N,A,-,Y,,,132,,,,,,,Y,2,0,1,1,C,-,18,,,N,H,H,A,A,H,-,A,D,0,,,Y,,Y,,-,"- ",1,0,0,0,0,0,0,0,1,"- ","- ",37.695640563964844,-120.33302307128906,TUOLUMNE,UNINCORPORATED,-120.33299255371094,37.695648193359375
90711112,2018,2018-04-23,9425,2018-04-21,1410,016886,,6,2,9,5500,0,3,5,,1,004,"PRIEST COULTERVILLE ROAD","JACKASS CREEK",528.00,N,N,A,-,N,,,,,,,,,,Y,2,0,2,1,A,-,08,22107,,N,E,I,A,A,H,-,A,D,0,,,,,Y,,A,01,1,0,1,0,0,0,0,0,0,"- ","- ",37.777938842773438,-120.22704315185547,TUOLUMNE,UNINCORPORATED,-120.22705078125,37.777927398681641
90713745,2018,2018-04-26,9425,2018-04-22,1015,017403,,7,1,9,5500,0,1,3,,2,041,SR-120,"GRIZZLY RD",1584.00,E,N,A,-,Y,,,,,,,,,,Y,2,0,1,1,A,-,08,22107,,N,F,A,A,A,H,-,A,D,0,,,Y,,Y,,C,02,1,0,0,0,0,0,0,0,1,"- ","- ",,,TUOLUMNE,UNINCORPORATED,-120.30210876464844,37.819969177246094
90716136,2018,2018-04-30,9425,2018-04-20,1955,014936,,5,2,9,5500,0,2,4,,2,026,"MONO WAY","PEACEFUL VALLEY RD",0.00,,Y,A,-,N,,,,,,,,,,Y,3,0,1,2,A,-,09,21804,A,N,D,C,A,A,H,-,D,A,0,,,,,Y,,A,01,0,1,0,0,0,0,0,0,0,"- ","- ",37.583499908447266,-120.19029998779297,TUOLUMNE,UNINCORPORATED,-120.31716156005859,37.977481842041016
90717038,2018,2018-05-01,9425,2018-04-21,1645,018453,,6,2,9,5500,0,1,3,,2,013,"SR-49 N/B TO STOCKTON ROAD",SR-108,165.00,S,N,A,-,Y,,,49,,,,R,,N,N,3,0,1,1,A,-,01,23152,A,N,F,A,A,A,H,-,A,D,0,,,Y,,Y,Y,C,02,0,1,0,0,0,0,0,0,1,"- ","- ",37.964771270751953,-120.3927001953125,TUOLUMNE,UNINCORPORATED,-120.3927001953125,37.964771270751953
90720840,2018,2018-05-14,9425,2018-05-03,1405,018822,,4,2,9,5500,0,1,3,,2,022,SR-49,"O'HARA DR",25.00,S,N,A,-,Y,,,49,,,,,,,Y,4,0,4,3,A,-,03,22350,,N,C,C,A,A,H,-,A,D,0,,,,,Y,,A,07,0,0,4,0,0,0,0,0,0,"- ","- ",37.998371124267578,-120.38371276855469,TUOLUMNE,UNINCORPORATED,-120.38370513916016,37.998371124267578
90721322,2018,2018-05-07,9425,2018-04-26,2351,018251,,4,3,9,5500,0,1,3,,1,021,"STATE ROUTE 108","OLD WARDS FERRY RD",285.00,E,N,A,-,Y,,,108,,,,,,,Y,4,0,1,2,A,-,03,22350,,N,F,A,A,A,H,-,D,D,0,,,Y,,Y,,C,02,0,0,1,0,0,0,0,0,1,"- ","- ",37.970951080322266,-120.36541748046875,TUOLUMNE,UNINCORPORATED,-120.36540985107422,37.970901489257812
90722032,2018,2018-05-08,9425,2018-04-27,1705,018822,,5,2,9,5500,0,1,3,,2,013,SR-49,"WIGWAM RD",10.00,S,N,A,-,Y,,,49,,,,,,,Y,3,0,3,2,A,-,03,22350,,N,C,C,A,A,H,-,A,D,0,,,,,Y,,A,01,0,1,2,0,0,0,0,0,0,"- ","- ",37.962329864501953,-120.41004943847656,TUOLUMNE,UNINCORPORATED,-120.41004943847656,37.962333679199219
90722096,2018,2018-05-08,9425,2018-05-02,0835,013905,,3,1,9,5500,0,2,4,,2,034,"TUOLUMNE ROAD","CHEROKEE ROAD",525.00,E,N,A,-,N,,,,,,,,,,Y,3,0,2,2,A,-,03,22350,,N,C,C,A,A,H,-,A,D,0,,,,,Y,,A,08,0,1,1,0,0,0,0,0,0,"- ","- ",37.962600708007812,-120.26300048828125,TUOLUMNE,UNINCORPORATED,-120.26422882080078,37.962574005126953
90724668,2018,2018-05-11,9425,2018-05-06,1342,018251,,7,1,9,5500,0,3,5,,2,002,"HESS AVENUE","MONO WAY",12.00,N,N,A,-,N,,,,,,,,,,N,3,0,1,2,A,-,03,22350,,N,C,C,A,A,H,-,A,D,0,,,Y,,Y,,A,01,0,1,0,0,0,0,0,0,1,"- ","- ",37.979000091552734,-120.33580017089844,TUOLUMNE,UNINCORPORATED,-120.33538818359375,37.978828430175781
90724932,2018,2018-05-11,9425,2018-05-08,1400,014725,,2,2,9,5500,0,3,5,,2,001,"RAWHIDE RD","AUDREY RD",909.00,S,N,A,-,N,,,,,,,,,,N,3,0,1,2,A,-,03,22350,,N,H,G,A,A,H,-,A,A,0,,Y,,,Y,,L,04,0,1,0,0,0,0,1,0,0,"- ","- ",37.962348937988281,-120.42723846435547,TUOLUMNE,UNINCORPORATED,-120.42749786376953,37.962753295898438
90727978,2018,2018-05-16,9425,2018-05-04,2135,018559,,5,2,9,5500,0,1,3,,2,011,SR-120,SR-108,24.00,W,N,A,-,Y,,,120,,,,,,,Y,3,0,6,2,A,-,09,21802,A,N,D,C,A,A,H,-,C,A,0,,,,,Y,,A,01,0,1,5,0,0,0,0,0,0,"- ","- ",37.891201019287109,-120.48837280273438,TUOLUMNE,UNINCORPORATED,-120.48837280273438,37.891208648681641
90730206,2018,2018-05-21,9425,2018-05-15,2020,020028,,2,2,9,5500,0,3,5,,2,003,"KEWIN MILL RD","BROKEN PINE RD",620.00,S,N,A,-,N,,,,,,,,,,Y,3,0,1,1,C,-,18,,,N,H,H,A,A,H,-,D,D,0,,,Y,,Y,,-,"- ",0,1,0,0,0,0,0,0,1,"- ","- ",38.058128356933594,-120.26596069335938,TUOLUMNE,UNINCORPORATED,-120.26589202880859,38.0579833984375
90730445,2018,2018-05-21,9425,2018-05-19,1940,020028,,6,2,9,5500,0,2,4,,2,026,"MONO WAY","HILLSDALE DR",690.00,E,N,A,-,N,,,,,,,,,,Y,3,0,1,1,A,-,08,22107,,N,E,I,A,A,H,-,B,D,0,,,,,Y,,A,07,0,1,0,0,0,0,0,0,0,"- ","- ",37.977249145507812,-120.32221984863281,TUOLUMNE,UNINCORPORATED,-120.32228088378906,37.977142333984375
90730586,2018,2018-05-21,9425,2018-05-15,0828,017058,,2,1,9,5500,0,1,3,,1,021,"SR-108 E/B TO MONO WAY","MONO WAY",0.00,,Y,A,-,N,,,,,,,,,,Y,3,0,1,2,A,-,12,21453,A,N,D,C,A,A,H,-,A,A,0,,,,,Y,,-,"- ",0,1,0,0,0,0,0,0,0,"- ","- ",37.583400726318359,-120.21230316162109,TUOLUMNE,UNINCORPORATED,-120.35803985595703,37.976280212402344
90732293,2018,2018-05-23,9425,2018-05-19,1225,018251,,6,1,9,5500,0,3,5,,2,002,"SPRINGFIELD ROAD","PARROTTS FERRY RD",650.00,S,N,A,-,N,,,,,,,,,,Y,2,0,2,2,A,-,08,22107,,N,B,C,A,A,H,-,A,D,0,,,Y,,Y,,C,02,1,1,0,0,0,0,0,0,2,"- ","- ",38.026149749755859,-120.40750122070312,TUOLUMNE,UNINCORPORATED,-120.40749359130859,38.026317596435547
90742196,2018,2018-06-06,9425,2018-06-01,1700,013905,,5,2,9,5500,0,1,3,,2,012,"STATE ROUTE 108","STATE ROUTE 49",4752.00,W,N,A,-,Y,,,108,,,,,,,Y,4,0,1,2,A,-,09,21801,A,N,D,C,A,A,H,-,A,A,0,,,,,Y,,D,22,0,0,1,0,0,0,0,0,0,"- ","- ",37.910549163818359,-120.46491241455078,TUOLUMNE,UNINCORPORATED,-120.46488952636719,37.910526275634766
90748010,2018,2018-06-14,9425,2018-06-04,1605,013905,,1,2,9,5500,0,2,4,,2,034,"TUOLUMNE ROAD","MORRIS ROAD",528.00,E,N,A,-,N,,,,,,,,,,Y,3,0,1,1,A,-,01,23152,G,N,E,I,A,A,H,-,A,D,0,,,,,Y,Y,A,01,0,1,0,0,0,0,0,0,0,"- ","- ",37.961761474609375,-120.29341125488281,TUOLUMNE,UNINCORPORATED,-120.29366302490234,37.961532592773438
90748387,2018,2018-06-14,9425,2018-06-13,0725,014725,,3,1,9,5500,0,2,4,,2,024,"TUOLUMNE ROAD","TERRACE DRIVE",1056.00,E,N,A,-,N,,,,,,,,,,N,4,0,1,2,A,-,03,22350,,N,C,C,A,A,D,-,A,A,0,,,,,Y,,A,01,0,0,1,0,0,0,0,0,0,"- ","- ",37.971748352050781,-120.34004211425781,TUOLUMNE,UNINCORPORATED,-120.33998870849609,37.971752166748047