CASE_ID,ACCIDENT_YEAR,PROC_DATE,JURIS,COLLISION_DATE,COLLISION_TIME,OFFICER_ID,REPORTING_DISTRICT,DAY_OF_WEEK,CHP_SHIFT,POPULATION,CNTY_CITY_LOC,SPECIAL_COND,BEAT_TYPE,CHP_BEAT_TYPE,CITY_DIVISION_LAPD,CHP_BEAT_CLASS,BEAT_NUMBER,PRIMARY_RD,SECONDARY_RD,DISTANCE,DIRECTION,INTERSECTION,WEATHER_1,WEATHER_2,STATE_HWY_IND,CALTRANS_COUNTY,CALTRANS_DISTRICT,STATE_ROUTE,ROUTE_SUFFIX,POSTMILE_PREFIX,POSTMILE,LOCATION_TYPE,RAMP_INTERSECTION,SIDE_OF_HWY,TOW_AWAY,COLLISION_SEVERITY,NUMBER_KILLED,NUMBER_INJURED,PARTY_COUNT,PRIMARY_COLL_FACTOR,PCF_CODE_OF_VIOL,PCF_VIOL_CATEGORY,PCF_VIOLATION,PCF_VIOL_SUBSECTION,HIT_AND_RUN,TYPE_OF_COLLISION,MVIW,PED_ACTION,ROAD_SURFACE,ROAD_COND_1,ROAD_COND_2,LIGHTING,CONTROL_DEVICE,CHP_ROAD_TYPE,PEDESTRIAN_ACCIDENT,BICYCLE_ACCIDENT,MOTORCYCLE_ACCIDENT,TRUCK_ACCIDENT,NOT_PRIVATE_PROPERTY,ALCOHOL_INVOLVED,STWD_VEHTYPE_AT_FAULT,CHP_VEHTYPE_AT_FAULT,COUNT_SEVERE_INJ,COUNT_VISIBLE_INJ,COUNT_COMPLAINT_PAIN,COUNT_PED_KILLED,COUNT_PED_INJURED,COUNT_BICYCLIST_KILLED,COUNT_BICYCLIST_INJURED,COUNT_MC_KILLED,COUNT_MC_INJURED,PRIMARY_RAMP,SECONDARY_RAMP,LATITUDE,LONGITUDE,COUNTY,CITY,POINT_X,POINT_Y
94714364,2025,2025-06-09,9425,2025-05-29,"725 ",019918,,4,1,9,5500,0,1,3,,2,013,SR-49,"MILL VILLA RD",350.00,N,N,A,-,Y,TUO,,49," "," ",16.162,H,,R,Y,4,0,4,3,A,-,03,22350,,N,C,C,A,A,H,-,A,D,0,,,,,Y,,D,22,0,0,4,0,0,0,0,0,0,"- ","- ",37.963310241699219,-120.39923858642578,TUOLUMNE,UNINCORPORATED,-120.39922332763672,37.963268280029297
94719669,2025,2025-06-10,9425,2025-06-08,1845,016812,,7,2,9,5500,0,3,5,,2,003,"TWAIN HARTE DR","MONO DR",150.00,W,N,B,-,N,,,,,,,,,,Y,4,0,1,1,C,-,18,,,N,H,A,A,A,H,-,A,D,0,,,,,Y,,-,"- ",0,0,1,0,0,0,0,0,0,"- ","- ",38.029548645019531,-120.23812866210938,TUOLUMNE,UNINCORPORATED,-120.24174499511719,38.027313232421875
94739208,2025,2025-06-25,9425,2025-06-23,2025,016812,,1,2,9,5500,0,2,4,,2,023,"PHOENIX LAKE RD","SILVER DAWN DR",7.00,E,N,B,-,N,,,,,,,,,,Y,3,0,1,1,A,-,08,22107,,N,E,8,A,A,H,-,D,A,0,,,,,Y,,A,01,0,1,0,0,0,0,0,0,0,"- ","- ",37.994670867919922,-120.321533203125,TUOLUMNE,UNINCORPORATED,-120.32158660888672,37.994693756103516
94741477,2025,2025-06-27,9425,2025-06-19,2040,022547,,4,2,9,5500,0,1,3,,1,021,SR-108,"LIME KILN RD.",0.00,,Y,A,-,Y,TUO,,108," ",R,0.911,H,,R,Y,2,0,2,2,A,-,09,21453,C,N,A,2,A,A,H,-,C,A,0,,,,,Y,,D,22,1,1,0,0,0,0,0,0,0,"- ","- ",37.967769622802734,-120.37835693359375,TUOLUMNE,UNINCORPORATED,-120.37838745117188,37.967792510986328
94744030,2025,2025-06-30,9425,2025-06-14,2240,021468,,6,3,9,5500,0,3,5,,2,001,"JAMESTOWN RD","WHISKEY CREEK RD",1584.00,S,N,A,-,N,,,,,,,,,,Y,2,0,2,1,A,-,01,23152,A,N,E,I,A,A,H,-,D,D,0,,,Y,,Y,Y,C,02,2,0,0,0,0,0,0,0,2,"- ","- ",37.982860565185547,-120.41719818115234,TUOLUMNE,UNINCORPORATED,-120.41719055175781,37.983291625976562
94753465,2025,2025-07-08,9425,2025-06-26,1425,019918,,4,2,9,5500,0,1,3,,2,031,SR-108,"GEORGES DRIVE",331.00,E,N,A,-,Y,TUO,,108," "," ",31.892,H,,R,Y,2,0,4,2,A,-,08,22107,,N,A,C,A,A,H,-,A,D,0,,,,,Y,,A,01,1,3,0,0,0,0,0,0,0,"- ","- ",38.20037841796875,-120.01418304443359,TUOLUMNE,UNINCORPORATED,-120.01417541503906,38.200366973876953
94762043,2025,2025-07-15,9425,2025-07-14,"745 ",018671,,1,1,9,5500,0,1,3,,1,021,"SR-108 W/B TO MONO WAY","MONO WAY",10.00,E,N,A,-,Y,,,,,,,,,,N,4,0,1,2,A,-,21,22106,,N,C,C,A,A,H,-,A,A,0,,,,,Y,,A,01,0,0,1,0,0,0,0,0,0,"- ","- ",37.976390838623047,-120.35897827148438,TUOLUMNE,UNINCORPORATED,-120.27963256835938,37.990249633789062
94762690,2025,2025-07-15,9425,2025-07-15,"723 ",018671,,2,1,9,5500,0,1,3,,1,021,SR-108,"LIME KILN ROAD",30.00,W,N,A,-,Y,TUO,,108," ",R,0.898,H,,R,N,4,0,1,2,A,-,21,22106,,N,C,C,A,A,H,-,A,A,0,,,,,Y,,A,07,0,0,1,0,0,0,0,0,0,"- ","- ",37.967681884765625,-120.37857818603516,TUOLUMNE,UNINCORPORATED,-120.37857818603516,37.967674255371094
94775459,2025,2025-07-24,9425,2025-07-11,1705,019489,,5,2,9,5500,0,3,5,,2,001,"CAMPO SECO STREET","MARTIN LANE",1056.00,W,N,A,-,N,,,,,,,,,,Y,3,0,1,1,A,-,08,22107,,N,E,8,A,A,H,-,A,D,0,,,,,Y,,A,07,0,1,0,0,0,0,0,0,0,"- ","- ",37.951099395751953,-120.398681640625,TUOLUMNE,UNINCORPORATED,-120.39854431152344,37.951118469238281
94807398,2025,2025-08-18,9425,2025-08-05,1649,017403,,2,2,9,5500,0,1,3,,2,041,SR-120,"PRIEST COULTERVILLE RD",5280.00,W,N,A,-,Y,TUO,,120," "," ",28.212,H,,R,Y,4,0,3,1,A,-,08,22107,,N,E,I,A,A,H,-,A,D,0,,,,,Y,,A,07,0,0,3,0,0,0,0,0,0,"- ","- ",37.823848724365234,-120.27732849121094,TUOLUMNE,UNINCORPORATED,-120.27734375,37.823806762695312
94807457,2025,2025-08-18,9425,2025-08-05,"220 ",022881,,2,3,9,5500,0,2,4,,2,014,"LA GRANGE ROAD","AVENIDA LUGO RD",1056.00,S,N,A,-,N,,,,,,,,,,Y,4,0,1,1,A,-,08,22107,,N,F,I,A,A,H,-,D,D,0,,,,,Y,,A,01,0,0,1,0,0,0,0,0,0,"- ","- ",37.713790893554688,-120.45439910888672,TUOLUMNE,UNINCORPORATED,-120.45414733886719,37.714126586914062
94818567,2025,2025-08-26,9425,2025-08-23,2030,021468,,6,2,9,5500,0,1,3,,2,013,SR-49,"MAIN ST",50.00,S,N,A,-,Y,TUO,,49," "," ",14.772,H,,R,N,4,0,1,1,A,-,08,22107,,N,E,I,A,A,H,-,C,D,0,,,,,Y,,A,07,0,0,1,0,0,0,0,0,0,"- ","- ",37.956218719482422,-120.42214965820312,TUOLUMNE,UNINCORPORATED,-120.42218780517578,37.956268310546875
94820409,2025,2025-08-27,9425,2025-08-19,1725,016812,,2,2,9,5500,0,3,5,,2,002,"RACETRACK RD","BAY MEADOWS DR",1584.00,E,N,A,-,N,,,,,,,,,,N,4,0,1,2,A,-,01,23152,A,N,A,C,A,A,H,-,A,A,0,,,,,Y,Y,D,22,0,0,1,0,0,0,0,0,0,"- ","- ",37.992698669433594,-120.39546966552734,TUOLUMNE,UNINCORPORATED,-120.39522552490234,37.992431640625
94826212,2025,2025-09-02,9425,2025-08-25,"811 ",018671,,1,1,9,5500,0,1,3,,2,041,SR-120,"BIG OAK ROAD",50.00,W,N,A,-,Y,TUO,,120," "," ",30.296,H,,R,Y,4,0,1,1,A,-,08,22107,,N,E,I,A,A,H,-,A,D,0,,,,,Y,,A,01,0,0,1,0,0,0,0,0,0,"- ","- ",37.823219299316406,-120.25914764404297,TUOLUMNE,UNINCORPORATED,-120.25914764404297,37.823211669921875
94836952,2025,2025-09-09,9425,2025-08-23,1405,019489,,6,2,9,5500,0,3,5,,2,003,"STANDARD ROAD","MONO WAY",1600.00,S,N,A,-,N,,,,,,,,,,Y,4,0,1,1,A,-,08,22107,,N,E,I,A,A,H,-,A,D,0,,,,,Y,,A,01,0,0,1,0,0,0,0,0,0,"- ","- ",37.973381042480469,-120.31504058837891,TUOLUMNE,UNINCORPORATED,-120.31501007080078,37.973598480224609
94838725,2025,2025-09-10,9425,2025-09-01,1740,022881,,1,2,9,5500,0,3,5,,2,001,"RAWHIDE ROAD","FRENCH FLAT RD",1056.00,N,N,A,-,N,,,,,,,,,,N,3,0,1,2,A,-,05,21460,A,N,B,2,A,A,H,-,A,D,0,,,Y,,Y,,C,02,0,1,0,0,0,0,0,0,1,"- ","- ",37.971271514892578,-120.44966888427734,TUOLUMNE,UNINCORPORATED,-120.44983673095703,37.971771240234375
94844643,2025,2025-09-15,9425,2025-08-30,2255,022547,,6,3,9,5500,0,1,3,,2,031,SR-108,"LEISURE DR",300.00,E,N,A,-,Y,TUO,,108," "," ",13.949,H,,R,Y,3,0,1,1,A,-,01,23152,A,N,F,A,A,A,H,-,D,D,0,,,,,Y,Y,D,22,0,1,0,0,0,0,0,0,0,"- ","- ",38.054111480712891,-120.202392578125,TUOLUMNE,UNINCORPORATED,-120.20230865478516,38.054100036621094
94845305,2025,2025-09-15,9425,2025-09-13,1630,020142,,6,2,9,5500,0,2,4,,2,023,"PHOENIX LAKE RD","OLD PHOENIX LAKE ROAD",350.00,W,N,A,-,N,,,,,,,,,,N,3,0,1,1,A,-,08,22107,,N,F,A,A,A,H,-,A,D,0,,,Y,,Y,,C,02,0,1,0,0,0,0,0,0,1,"- ","- ",37.999530792236328,-120.31295776367188,TUOLUMNE,UNINCORPORATED,-120.31304931640625,38.000541687011719
94848342,2025,2025-09-17,9425,2025-09-06,1330,019773,,6,1,9,5500,0,3,5,,2,001,"RAWHIDE RD","PEPPERMINT CREEK RD",840.00,N,N,A,-,N,,,,,,,,,,N,3,0,1,1,A,-,08,22107,,N,E,I,A,A,H,-,A,D,0,,,Y,,Y,Y,C,02,0,1,0,0,0,0,0,0,1,"- ","- ",37.967891693115234,-120.43630981445312,TUOLUMNE,UNINCORPORATED,-120.43624114990234,37.967861175537109
94848452,2025,2025-09-17,9425,2025-09-16,1823,017403,,2,2,9,5500,0,1,3,,1,044,SR-132,"BONDS FLAT",5280.00,E,N,A,-,Y,TUO,,132," ",R,5.009,H,,R,Y,4,0,1,1,A,-,08,22107,,N,E,8,A,A,H,-,A,D,0,,,,,Y,,D,22,0,0,1,0,0,0,0,0,0,"- ","- ",37.674579620361328,-120.34538269042969,TUOLUMNE,UNINCORPORATED,-120.34534454345703,37.674610137939453
94850207,2025,2025-09-18,9425,2025-09-13,1305,019287,,6,1,9,5500,0,1,3,,2,031,SR-108,"MONO WAY",0.00,,Y,A,-,Y,TUO,,108," ",R,5.568,H,,R,Y,3,0,1,2,A,-,01,23152,A,N,D,C,A,A,H,-,A,A,0,,,,,Y,Y,A,01,0,1,0,0,0,0,0,0,0,"- ","- ",37.982040405273438,-120.29798889160156,TUOLUMNE,UNINCORPORATED,-120.29798889160156,37.982013702392578
94851563,2025,2025-09-19,9425,2025-09-18,1625,020377,,4,2,9,5500,0,3,5,,2,001,"JAMESTOWN RD","LODESTAR DRIVE",2112.00,S,N,B,-,N,,,,,,,,,,Y,3,0,1,1,A,-,08,22107,,N,E,I,A,A,H,-,A,D,0,,,,,Y,,A,07,0,1,0,0,0,0,0,0,0,"- ","- ",37.982151031494141,-120.41748046875,TUOLUMNE,UNINCORPORATED,,
94856140,2025,2025-09-23,9425,2025-09-05,"510 ",022579,,5,3,9,5500,0,3,5,,2,003,"CHEROKEE RD.","CAROL LN.",408.00,S,N,A,-,N,,,,,,,,,,Y,2,0,2,2,A,-,05,21460,A,N,D,C,A,A,H,-,D,D,0,,,,,Y,,A,01,1,0,1,0,0,0,0,0,0,"- ","- ",37.972438812255859,-120.26006317138672,TUOLUMNE,UNINCORPORATED,-120.25850677490234,37.97222900390625
94856322,2025,2025-09-23,9425,2025-09-22,1100,018644,,1,1,9,5500,0,1,3,,2,022,SR-49,"STEFFEN WAY",0.00,,Y,A,-,Y,TUO,,49," "," ",18.759,H,,R,N,3,0,1,2,A,-,03,22350,,M,C,C,A,A,H,-,A,D,0,,,,,Y,,A,01,0,1,0,0,0,0,0,0,0,"- ","- ",37.993690490722656,-120.38339996337891,TUOLUMNE,UNINCORPORATED,-120.38341522216797,37.993690490722656
94857877,2025,2025-09-24,9425,2025-09-21,"825 ",018559,,7,1,9,5500,0,1,3,,2,031,SR-108,"VIA ESTE RD",528.00,W,N,A,-,Y,TUO,,108," "," ",5.675,H,,R,N,3,0,1,1,A,-,08,22107,,N,E,8,A,A,H,-,A,D,0,,,,,Y,,A,08,0,1,0,0,0,0,0,0,0,"- ","- ",37.981891632080078,-120.29501342773438,TUOLUMNE,UNINCORPORATED,-120.29502868652344,37.981941223144531
94861847,2025,2025-09-26,9425,2025-09-20,1420,020377,,6,2,9,5500,0,3,5,,2,001,"O'BYRNES FERRY RD.","OLD O BYRNES FERRY RD",40.00,N,N,A,-,N,,,,,,,,,,Y,3,0,2,1,A,-,08,22107,,N,E,I,A,A,H,-,A,D,0,,,,,Y,,A,07,0,1,1,0,0,0,0,0,0,"- ","- ",37.895500183105469,-120.56526184082031,TUOLUMNE,UNINCORPORATED,-120.56519317626953,37.895317077636719
94862180,2025,2025-09-26,9425,2025-09-25,2240,020575,,4,3,9,5500,0,1,3,,2,011,"SR-120 E/B","RUSHING HILL LOOKOUT",1500.00,W,N,A,-,Y,TUO,,120," ",R,4.568,H,,R,Y,4,0,1,1,A,-,08,22107,,N,F,A,A,A,H,-,D,D,0,,,,,Y,,A,01,0,0,1,0,0,0,0,0,0,"- ","- ",37.847118377685547,-120.57118225097656,TUOLUMNE,UNINCORPORATED,-120.5711669921875,37.847183227539062
94879467,2025,2025-10-09,9425,2025-10-07,"5   ",016812,,2,3,9,5500,0,3,5,,2,002,"OLD WARDS FERRY RD","JUSTICE CENTER DR",528.00,S,N,A,-,N,,,,,,,,,,Y,3,0,2,1,A,-,08,22107,,N,E,8,A,A,H,-,D,D,0,,,,,Y,,A,07,0,2,0,0,0,0,0,0,0,"- ","- ",37.967220306396484,-120.36625671386719,TUOLUMNE,UNINCORPORATED,-120.36637878417969,37.967697143554688
94883672,2025,2025-10-13,9425,2025-09-25,1752,022579,,4,2,9,5500,0,1,3,,2,011,"SR-120 W/B","TULLOCH RD.",1320.00,E,N,A,-,Y,TUO,,120," ",R,1.575,H,,L,N,3,0,1,1,A,-,01,23152,A,M,E,I,A,A,H,-,A,D,0,,,Y,,Y,Y,C,02,0,1,0,0,0,0,0,0,1,"- ","- ",37.841541290283203,-120.62361907958984,TUOLUMNE,UNINCORPORATED,-120.62361907958984,37.841533660888672
94891050,2025,2025-10-17,9425,2025-08-07,1050,019489,,4,1,9,5500,0,1,3,,2,011,SR-120,"RED HILLS RD",150.00,E,N,A,-,Y,TUO,,120," "," ",15.707,H,,R,Y,2,0,1,1,A,-,01,23152,A,N,E,9,A,A,H,-,A,D,0,,,,,Y,Y,A,07,1,0,0,0,0,0,0,0,0,"- ","- ",37.872669219970703,-120.43195343017578,TUOLUMNE,UNINCORPORATED,-120.43199920654297,37.872634887695312
94907484,2025,2025-10-29,9425,2025-10-17,"50  ",022547,,5,3,9,5500,0,1,3,,2,042,SR-120,"HARDIN FLAT ROAD",4224.00,E,N,A,-,Y,TUO,,120," ",R,51.204,H,,R,Y,2,0,1,1,A,-,01,23152,A,N,E,9,A,A,H,-,D,D,0,,,,,Y,Y,A,07,1,0,0,0,0,0,0,0,0,"- ","- ",37.815879821777344,-119.94928741455078,TUOLUMNE,UNINCORPORATED,-119.94924926757812,37.815929412841797
94909571,2025,2025-10-31,9425,2025-10-23,1240,024833,,4,1,9,5500,0,3,5,,2,003,"STANDARD RD","CURTIS CREEK SCHOOL RD",121.00,S,N,A,-,N,,,,,,,,,,N,4,0,1,1,A,-,08,22107,,N,E,I,A,A,H,-,A,D,0,,,,,Y,,D,22,0,0,1,0,0,0,0,0,0,"- ","- ",37.964958190917969,-120.31059265136719,TUOLUMNE,UNINCORPORATED,-120.31062316894531,37.965038299560547
94918018,2025,2025-11-10,9425,2025-10-24,1754,022579,,5,2,9,5500,0,3,5,,2,001,"JAMESTOWN RD.",SR-49,675.00,N,N,A,-,N,,,,,,,,,,Y,4,0,1,1,A,-,01,23152,F,N,F,I,A,A,H,-,A,D,0,,,,,Y,,A,01,0,0,1,0,0,0,0,0,0,"- ","- ",37.958381652832031,-120.42021942138672,TUOLUMNE,UNINCORPORATED,-120.42105102539062,37.956871032714844
94923317,2025,2025-11-12,9425,2025-10-25,1335,023454,,6,1,9,5500,0,3,5,,2,003,"RT 108","CLARK FORK",226.00,E,N,B,C,Y,TUO,,108," "," ",49.355,H,,R,Y,4,0,1,1,A,-,01,23152,A,N,F,I,A,B,H,-,C,D,0,,,,,Y,Y,A,07,0,0,1,0,0,0,0,0,0,"- ","- ",38.355579376220703,-119.87666320800781,TUOLUMNE,UNINCORPORATED,-119.87670135498047,38.355640411376953
94926161,2025,2025-11-12,9425,2025-11-10,1753,017403,,1,2,9,5500,0,3,5,,1,004,"BONDS FLAT RD",SR-132,13200.00,W,N,A,-,N,,,,,,,,,,Y,4,0,2,1,C,-,18,,,N,H,H,A,A,H,-,D,D,0,,,,,Y,,-,"- ",0,0,2,0,0,0,0,0,0,"- ","- ",37.697360992431641,-120.39919281005859,TUOLUMNE,UNINCORPORATED,-120.40013885498047,37.697399139404297
94928025,2025,2025-11-13,9425,2025-11-04,1735,016812,,2,2,9,5500,0,2,4,,2,026,"MONO WAY","SULLIVAN CREEK RD",315.00,W,N,B,-,N,,,,,,,,,,Y,3,0,3,2,A,-,01,23152,A,N,A,C,A,A,H,-,D,D,0,,,,,Y,Y,A,01,0,2,1,0,0,0,0,0,0,"- ","- ",37.975189208984375,-120.35050964355469,TUOLUMNE,UNINCORPORATED,,
94952358,2025,2025-12-01,9425,2025-11-26,1615,024833,,3,2,9,5500,0,1,3,,2,022,"RT 49","MORMON CREEK RD",260.00,N,N,A,-,Y,TUO,,49," "," ",23.505,H,,R,N,4,0,1,2,A,-,03,22350,,N,C,C,A,A,H,-,A,D,0,,,,,Y,,D,22,0,0,1,0,0,0,0,0,0,"- ","- ",37.990978240966797,-120.43958282470703,TUOLUMNE,UNINCORPORATED,-120.43959045410156,37.990985870361328
94958303,2025,2025-12-04,9425,2025-12-03,1620,019287,,3,2,9,5500,0,3,5,,2,003,"TUOLUMNE RD NORTH","KNOX RD",490.00,S,N,A,-,N,,,,,,,,,,Y,4,0,1,1,C,-,18,,,N,E,I,A,A,H,-,A,D,0,,,,,Y,,-,"- ",0,0,1,0,0,0,0,0,0,"- ","- ",38.005321502685547,-120.23412322998047,TUOLUMNE,UNINCORPORATED,-120.23410034179688,38.005405426025391
94970321,2025,2025-12-12,9425,2025-12-11,"930 ",020142,,4,1,9,5500,0,1,3,,2,022,SR-49,"SHAWS FLAT RD",0.00,,Y,A,-,Y,TUO,,49," "," ",20.868,H,,R,Y,3,0,1,2,A,-,09,21801,A,N,A,C,A,A,H,-,A,D,0,,,,,Y,,D,22,0,1,0,0,0,0,0,0,0,"- ","- ",38.011558532714844,-120.40396881103516,TUOLUMNE,UNINCORPORATED,-120.40398406982422,38.011577606201172
94972179,2025,2025-12-15,9425,2025-12-12,"20  ",022579,,5,3,9,5500,0,3,5,,2,003,"LONGEWAY RD.","LUCKY STRIKE TRL.",150.00,W,N,A,-,N,,,,,,,,,,N,4,0,1,1,A,-,08,22107,,N,E,I,A,A,H,-,D,D,0,,,,,Y,,A,07,0,0,1,0,0,0,0,0,0,"- ","- ",38.023101806640625,-120.25464630126953,TUOLUMNE,UNINCORPORATED,-120.25433349609375,38.023441314697266
94973888,2025,2025-12-16,9425,2025-11-22,1410,021468,,6,2,9,5500,0,3,5,,2,003,"DEERHAVEN DRIVE","CANYONVIEW DRIVE",0.00,,Y,A,-,N,,,,,,,,,,N,2,0,1,2,A,-,09,21800,B,M,D,C,A,A,H,-,A,D,0,,,Y,,Y,,A,07,1,0,0,0,0,0,0,0,1,"- ","- ",37.992809295654297,-120.22297668457031,TUOLUMNE,UNINCORPORATED,-120.22463989257812,37.994930267333984
94981567,2025,2025-12-22,9425,2025-12-13,"345 ",022547,,6,3,9,5500,0,2,4,,2,014,J-59,"OLD DON PEDRO RD",17424.00,S,N,E,-,N,,,,,,,,,,Y,2,0,1,1,A,-,01,23152,A,N,E,9,A,A,H,-,D,D,0,,,,,Y,Y,A,01,1,0,0,0,0,0,0,0,0,"- ","- ",37.780128479003906,-120.4661865234375,TUOLUMNE,UNINCORPORATED,,
94984028,2025,2025-12-23,9425,2025-12-22,"650 ",021468,,1,1,9,5500,0,1,3,,2,041,SR-120,"OLD PRIEST GRD",1056.00,E,N,C,-,Y,TUO,,120," "," ",29.538,H,,R,Y,4,0,1,1,A,-,08,22107,,N,E,8,A,B,H,-,D,D,0,,,,,Y,,A,07,0,0,1,0,0,0,0,0,0,"- ","- ",37.816581726074219,-120.26880645751953,TUOLUMNE,UNINCORPORATED,-120.26876831054688,37.816562652587891
94991879,2025,2025-12-30,9425,2025-12-20,2100,023454,,6,2,9,5500,0,1,3,,2,011,"SR-120 W/B","TULLOCH RD",3590.00,E,N,B,-,Y,TUO,,120," ",R,2.049,H,,L,Y,2,0,1,1,A,-,08,22107,,M,E,I,A,B,H,-,D,D,0,,,,,Y,,D,22,1,0,0,0,0,0,0,0,0,"- ","- ",37.845001220703125,-120.61617279052734,TUOLUMNE,UNINCORPORATED,-120.61622619628906,37.845104217529297
94993689,2025,2025-12-31,9425,2025-12-24,1554,024963,,3,2,9,5500,0,2,4,,2,024,"TUOLUMNE ROAD","NUGGET BLVD.",0.00,,Y,B,C,N,,,,,,,,,,Y,4,0,3,2,A,-,03,22350,,N,C,C,A,B,H,-,A,D,0,,,,,Y,,D,22,0,0,3,0,0,0,0,0,0,"- ","- ",37.961811065673828,-120.32521820068359,TUOLUMNE,UNINCORPORATED,-120.32521057128906,37.961765289306641
9556863,2022,2023-04-11,5501,2022-12-23,0841,EW1,5501,5,5,2,5501,0,0,0,,0,001,"RT 49","MILL VILLA ST",0.00,,N,A,-,Y,TUO,10,49,-,-,16.750,H,-,N,N,2,0,1,1,A,-,03,22350,,N,A,I,A,A,H,-,A,D,0,,,,,Y,,A,01,1,0,0,0,0,0,0,0,0,"- ","- ",37.976749420166016,-120.39163970947266,TUOLUMNE,SONORA,-120.39511108398438,37.968585968017578
9559313,2022,2023-03-29,5501,2022-10-06,2030,AS1,5501,4,5,2,5501,0,0,0,,0,001,"N WASHINGTON ST","DODGE ST",86.00,N,N,A,-,Y,TUO,10,49,-,-,18.240,H,-,S,N,4,0,2,2,A,-,01,23152,A,N,B,E,A,A,H,-,C,D,0,,,,,Y,Y,A,07,0,0,2,0,0,0,0,0,0,"- ","- ",37.9864501953125,-120.38435363769531,TUOLUMNE,SONORA,-120.38417053222656,37.986404418945312
9559329,2022,2023-03-29,5501,2022-09-29,1157,MB3,5501,4,5,2,5501,0,0,0,,0,002,"SOUTH WASHINGTON ST","E BRADFORD ST",30.00,S,N,A,-,Y,TUO,10,49,-,-,18.100,H,-,N,Y,3,0,1,2,A,-,17,22517,,N,B,C,A,A,H,-,A,D,0,,,,,Y,,A,01,0,1,0,0,0,0,0,0,0,"- ","- ",37.984218597412109,-120.38253021240234,TUOLUMNE,SONORA,-120.38288879394531,37.984691619873047
9559907,2022,2023-03-20,5501,2022-09-23,2010,RW2,5501,5,5,2,5501,0,0,0,,0,001,"S WASHINGTON","STOCKTON ST",26.00,W,N,A,-,N,,,,,,,,,,Y,3,0,3,2,A,-,01,23153,A,N,C,C,A,A,H,-,C,A,0,,,,,Y,Y,A,01,0,2,1,0,0,0,0,0,0,"- ","- ",37.976589202880859,-120.37995147705078,TUOLUMNE,SONORA,-120.38215637207031,37.983039855957031
9570441,2022,2023-04-11,5501,2022-11-12,1555,MP1,5501,6,5,2,5501,0,0,0,,0,001,"MONO WY","GREENLEY RD",771.00,E,N,A,-,N,,,,,,,,,,Y,2,0,1,2,A,-,09,21801,,N,D,C,A,A,H,-,B,D,0,,,Y,,Y,,A,07,1,0,0,0,0,0,0,0,1,"- ","- ",37.975730895996094,-120.36263275146484,TUOLUMNE,SONORA,-120.36626434326172,37.975898742675781
9570780,2022,2023-04-12,5501,2022-12-06,1047,AS1,5501,2,5,2,5501,0,0,0,,0,002,"HOPE LN","LYONS ST",23.00,N,N,A,-,N,,,,,,,,,,N,2,0,2,1,A,-,03,22350,,N,F,A,A,A,H,-,A,A,0,,,,,Y,,M,47,1,1,0,0,0,0,0,0,0,"- ","- ",37.987659454345703,-120.37889099121094,TUOLUMNE,SONORA,-120.37886810302734,37.987743377685547
9598396,2023,2023-08-04,5501,2023-01-06,1312,AS1,5501,5,5,2,5501,0,0,0,,0,001,"SOUTH WASHINGTON ST","CALAVERAS ST",8.00,N,N,A,-,N,,,,,,,,,,N,4,0,2,2,A,-,03,22350,,N,C,C,A,A,H,-,A,D,0,,,,,Y,,D,22,0,0,2,0,0,0,0,0,0,"- ","- ",37.972911834716797,-120.37872314453125,TUOLUMNE,SONORA,-120.3792724609375,37.973312377929688
9598456,2023,2023-08-01,5501,2023-02-15,1552,RW2,5501,3,5,2,5501,0,0,0,,0,001,"SOUTH WASHINGTON ST","WILLIAM ST",5.00,N,N,A,-,N,,,,,,,,,,N,2,0,1,2,A,-,08,22107,,N,C,C,A,A,H,-,A,D,0,,,,,Y,,A,01,1,0,0,0,0,0,0,0,0,"- ","- ",37.976589202880859,-120.37995147705078,TUOLUMNE,SONORA,-120.38138580322266,37.979721069335938
9605810,2023,2023-08-08,5501,2023-01-09,2311,TB1,5501,1,5,2,5501,0,0,0,,0,002,"SOUTH WASHINGTON ST","WILLIAM ST",3.00,E,N,C,-,N,,,,,,,,,,Y,3,0,1,1,A,-,01,23152,A,N,E,I,A,B,H,-,C,D,0,,,,,Y,Y,A,01,0,1,0,0,0,0,0,0,0,"- ","- ",37.979629516601562,-120.38092803955078,TUOLUMNE,SONORA,-120.38137817382812,37.979701995849609
9748148,2023,2024-11-04,5501,2023-06-15,"625 ",MB3,5501,4,5,2,5501,0,0,0,,0,002,"E LYONS ST","HOPE LN",800.00,E,N,-,-,N,,,,,,,,,,Y,4,0,1,1,A,-,08,22107,,N,E,I,A,A,H,-,A,D,0,,,,,Y,,D,22,0,0,1,0,0,0,0,0,0,"- ","- ",37.987308502197266,-120.37592315673828,TUOLUMNE,SONORA,-120.37614440917969,37.987339019775391
9748152,2023,2024-11-04,5501,2023-06-11,"339 ",MP1,5501,7,5,2,5501,0,0,0,,0,002,"MONO WAY","BARRETTA ST",53.00,E,N,A,-,N,,,,,,,,,,Y,3,0,1,1,A,-,03,22350,,N,E,I,A,A,H,-,C,D,0,,,,,Y,Y,A,01,0,1,0,0,0,0,0,0,0,"- ","- ",37.975399017333984,-120.3775634765625,TUOLUMNE,SONORA,-120.37664031982422,37.975318908691406